Name,Nation,Position,OVR,PAC,SHO,PAS,DRI,DEF,PHY,team
Achraf Hakimi,Morocco,RB,89,92.0,79.0,82.0,83.0,82.0,79.0,Morocco
Yassine Bounou,Morocco,GK,82,81.0,82.0,76.0,85.0,38.0,82.0,Morocco
Youssef En-Nesyri,Morocco,ST,82,79.0,81.0,65.0,75.0,35.0,80.0,Morocco
Brahim,Morocco,RM,82,82.0,74.0,79.0,85.0,31.0,58.0,Morocco
Nayef Aguerd,Morocco,CB,81,72.0,50.0,67.0,65.0,82.0,77.0,Morocco
Noussair Mazraoui,Morocco,RB,80,75.0,66.0,76.0,80.0,77.0,72.0,Morocco
Ayoub El Kaabi,Morocco,ST,80,82.0,82.0,62.0,75.0,46.0,77.0,Morocco
Ismael Saibari,Morocco,CAM,79,78.0,75.0,74.0,82.0,51.0,78.0,Morocco
Abderrazak Hamdallah,Morocco,ST,79,59.0,80.0,70.0,78.0,31.0,78.0,Morocco
Sofyan Amrabat,Morocco,CDM,78,61.0,70.0,73.0,74.0,75.0,82.0,Morocco
Amine Adli,Morocco,ST,78,84.0,76.0,70.0,82.0,42.0,69.0,Morocco
Soufiane Rahimi,Morocco,LM,78,85.0,76.0,72.0,77.0,38.0,66.0,Morocco
Neil El Aynaoui,Morocco,CM,77,62.0,63.0,76.0,74.0,73.0,75.0,Morocco
Abdessamad Ezzalzouli,Morocco,LM,77,87.0,69.0,70.0,81.0,29.0,63.0,Morocco
Azzedine Ounahi,Morocco,CM,76,64.0,66.0,73.0,77.0,63.0,67.0,Morocco
Sofiane Diop,Morocco,LW,76,77.0,69.0,75.0,80.0,54.0,53.0,Morocco
Bilal El Khannouss,Morocco,CAM,76,76.0,64.0,76.0,82.0,38.0,56.0,Morocco
Eliesse Ben Seghir,Morocco,LM,76,77.0,73.0,72.0,79.0,28.0,62.0,Morocco
Adam Masina,Morocco,CB,74,62.0,42.0,66.0,68.0,77.0,65.0,Morocco
Ilias Akhomach,Morocco,RM,74,78.0,72.0,68.0,76.0,28.0,57.0,Morocco
Jawad El Yamiq,Morocco,CB,73,85.0,53.0,53.0,63.0,72.0,80.0,Morocco
Chemsdine Talbi,Morocco,RM,73,90.0,59.0,64.0,79.0,47.0,57.0,Morocco
Hamza Igamane,Morocco,ST,73,80.0,72.0,63.0,74.0,34.0,70.0,Morocco
Oussama Targhalline,Morocco,CM,73,49.0,63.0,70.0,72.0,68.0,64.0,Morocco
Alaa Bellaarouch,Morocco,GK,68,71.0,63.0,70.0,69.0,56.0,68.0,Morocco
Issam El Maach,Morocco,GK,63,64.0,60.0,64.0,65.0,41.0,62.0,Morocco
Sadio Mané,Senegal,LM,83,82.0,81.0,78.0,85.0,44.0,75.0,Senegal
Kalidou Koulibaly,Senegal,CB,82,74.0,48.0,62.0,65.0,82.0,84.0,Senegal
Boulaye Dia,Senegal,ST,80,84.0,81.0,67.0,78.0,43.0,73.0,Senegal
Édouard Mendy,Senegal,GK,80,78.0,77.0,75.0,81.0,34.0,79.0,Senegal
Nicolas Jackson,Senegal,ST,80,82.0,77.0,69.0,79.0,40.0,77.0,Senegal
Pape Matar Sarr,Senegal,CM,79,68.0,66.0,76.0,78.0,77.0,76.0,Senegal
Ismaïla Sarr,Senegal,CAM,79,91.0,78.0,76.0,78.0,28.0,69.0,Senegal
Iliman Ndiaye,Senegal,LM,79,84.0,76.0,70.0,84.0,40.0,63.0,Senegal
Idrissa Gueye,Senegal,CDM,79,60.0,59.0,70.0,73.0,80.0,70.0,Senegal
Pape Gueye,Senegal,CM,78,67.0,65.0,75.0,75.0,76.0,79.0,Senegal
Lamine Camara,Senegal,CM,77,79.0,66.0,78.0,77.0,71.0,69.0,Senegal
Habib Diarra,Senegal,CM,77,70.0,68.0,71.0,77.0,71.0,71.0,Senegal
Moussa Niakhaté,Senegal,CB,77,68.0,48.0,63.0,64.0,77.0,80.0,Senegal
Ismail Jakobs,Senegal,LB,75,90.0,60.0,65.0,74.0,70.0,68.0,Senegal
Krépin Diatta,Senegal,RM,74,88.0,69.0,67.0,76.0,57.0,67.0,Senegal
Bamba Dieng,Senegal,ST,71,78.0,72.0,60.0,68.0,33.0,60.0,Senegal
Ousseynou Niang,Senegal,LM,70,82.0,67.0,63.0,70.0,60.0,70.0,Senegal
Mory Diaw,Senegal,GK,70,70.0,70.0,71.0,72.0,43.0,70.0,Senegal
Antoine Mendy,Senegal,CB,70,64.0,41.0,55.0,63.0,71.0,72.0,Senegal
Yahia Fofana,Senegal,GK,57,57.0,57.0,57.0,57.0,57.0,57.0,Senegal
Mamadou Sarr,Senegal,CB,57,57.0,57.0,57.0,57.0,57.0,57.0,Senegal
Abdoulaye Seck,Senegal,CB,57,57.0,57.0,57.0,57.0,57.0,57.0,Senegal
M. Diouf,Senegal,CM,57,57.0,57.0,57.0,57.0,57.0,57.0,Senegal
Cherif Ndiaye,Senegal,ST,57,57.0,57.0,57.0,57.0,57.0,57.0,Senegal
Cheikhou Kouyate,Senegal,CM,57,57.0,57.0,57.0,57.0,57.0,57.0,Senegal
Pape Gueye II,Senegal,CM,57,57.0,57.0,57.0,57.0,57.0,57.0,Senegal
Mohamed Salah,Egypt,RM,91,89.0,88.0,86.0,90.0,45.0,76.0,Egypt
Omar Marmoush,Egypt,ST,84,89.0,85.0,76.0,86.0,34.0,71.0,Egypt
Mohamed Abdelmonem,Egypt,CB,74,62.0,40.0,63.0,61.0,74.0,74.0,Egypt
Mostafa Mohamed,Egypt,ST,73,70.0,74.0,58.0,67.0,37.0,78.0,Egypt
Ramy Rabia,Egypt,CB,67,60.0,49.0,55.0,55.0,67.0,72.0,Egypt
Mohamed El-Shennawy,Egypt,GK,57,57.0,57.0,57.0,57.0,57.0,57.0,Egypt
Mahdi Suleiman,Egypt,GK,57,57.0,57.0,57.0,57.0,57.0,57.0,Egypt
Mostafa Shobeir,Egypt,GK,57,57.0,57.0,57.0,57.0,57.0,57.0,Egypt
M. Alaa,Egypt,GK,57,57.0,57.0,57.0,57.0,57.0,57.0,Egypt
Yasser Ibrahim,Egypt,CB,57,57.0,57.0,57.0,57.0,57.0,57.0,Egypt
Mohamed Hany,Egypt,CB,57,57.0,57.0,57.0,57.0,57.0,57.0,Egypt
Hussam Abdel Salam,Egypt,CB,57,57.0,57.0,57.0,57.0,57.0,57.0,Egypt
Ahmed Abou El Fotouh,Egypt,CB,57,57.0,57.0,57.0,57.0,57.0,57.0,Egypt
Khalid Sobhi,Egypt,CB,57,57.0,57.0,57.0,57.0,57.0,57.0,Egypt
Tarek Alaa,Egypt,CB,57,57.0,57.0,57.0,57.0,57.0,57.0,Egypt
Emam Ashour,Egypt,CM,57,57.0,57.0,57.0,57.0,57.0,57.0,Egypt
Ahmed Koka,Egypt,CM,57,57.0,57.0,57.0,57.0,57.0,57.0,Egypt
Mohanad Lashin,Egypt,CM,57,57.0,57.0,57.0,57.0,57.0,57.0,Egypt
Islam Issa,Egypt,CM,57,57.0,57.0,57.0,57.0,57.0,57.0,Egypt
Marwan Attia,Egypt,CM,57,57.0,57.0,57.0,57.0,57.0,57.0,Egypt
Ahmed Sayed Zizo,Egypt,CM,57,57.0,57.0,57.0,57.0,57.0,57.0,Egypt
Mahmoud Saber,Egypt,CM,57,57.0,57.0,57.0,57.0,57.0,57.0,Egypt
Mahmoud Hassan,Egypt,LM,57,57.0,57.0,57.0,57.0,57.0,57.0,Egypt
Nasser Mansi,Egypt,ST,57,57.0,57.0,57.0,57.0,57.0,57.0,Egypt
Hayssem Hassan,Egypt,ST,57,57.0,57.0,57.0,57.0,57.0,57.0,Egypt
Ibrahim Adel,Egypt,LW,57,57.0,57.0,57.0,57.0,57.0,57.0,Egypt
Riyad Mahrez,Algeria,RM,84,78.0,80.0,81.0,88.0,39.0,63.0,Algeria
Rayan Aït-Nouri,Algeria,LB,81,84.0,53.0,76.0,84.0,77.0,70.0,Algeria
Ismaël Bennacer,Algeria,CDM,80,76.0,72.0,80.0,83.0,76.0,74.0,Algeria
Mohamed Amoura,Algeria,ST,80,90.0,81.0,71.0,86.0,47.0,61.0,Algeria
Ramy Bensebaini,Algeria,LB,79,73.0,70.0,70.0,77.0,78.0,79.0,Algeria
Amine Gouiri,Algeria,ST,79,77.0,82.0,76.0,80.0,45.0,71.0,Algeria
Adem Zorgane,Algeria,CDM,78,54.0,70.0,77.0,75.0,71.0,83.0,Algeria
Hicham Boudaoui,Algeria,CM,77,73.0,67.0,74.0,77.0,74.0,76.0,Algeria
Houssem Aouar,Algeria,CAM,77,66.0,72.0,75.0,82.0,65.0,65.0,Algeria
Nabil Bentaleb,Algeria,CDM,77,50.0,72.0,77.0,79.0,71.0,73.0,Algeria
Saïd Benrahma,Algeria,LW,77,75.0,75.0,74.0,80.0,42.0,61.0,Algeria
Himad Abdelli,Algeria,CAM,76,61.0,69.0,76.0,79.0,60.0,74.0,Algeria
Anis Hadj-Moussa,Algeria,RW,76,80.0,69.0,67.0,84.0,29.0,52.0,Algeria
Aïssa Mandi,Algeria,CB,75,57.0,46.0,71.0,67.0,75.0,73.0,Algeria
Badredine Bouanani,Algeria,RW,75,70.0,68.0,75.0,78.0,33.0,58.0,Algeria
Ilan Kebbal,Algeria,CAM,75,76.0,70.0,72.0,80.0,24.0,52.0,Algeria
Farès Chaïbi,Algeria,CAM,74,69.0,68.0,75.0,76.0,68.0,69.0,Algeria
Ramiz Zerrouki,Algeria,CDM,73,62.0,66.0,69.0,72.0,68.0,80.0,Algeria
Mehdi Dorval,Algeria,LB,71,80.0,52.0,59.0,69.0,65.0,67.0,Algeria
Ibrahim Maza,Algeria,CAM,71,75.0,66.0,66.0,79.0,40.0,62.0,Algeria
Jaouen Hadjam,Algeria,LB,69,79.0,54.0,59.0,69.0,65.0,72.0,Algeria
Rafik Belghali,Algeria,RB,66,81.0,60.0,61.0,66.0,61.0,62.0,Algeria
Mounsef Bakrar,Algeria,ST,63,59.0,67.0,38.0,56.0,25.0,59.0,Algeria
Anthony Mandrea,Algeria,GK,57,57.0,57.0,57.0,57.0,57.0,57.0,Algeria
O. Benbot,Algeria,GK,57,57.0,57.0,57.0,57.0,57.0,57.0,Algeria
Luca Zidane,Algeria,GK,57,57.0,57.0,57.0,57.0,57.0,57.0,Algeria
Ellyes Skhiri,Tunisia,CDM,80,64.0,73.0,74.0,75.0,80.0,74.0,Tunisia
Ali Abdi,Tunisia,LB,76,86.0,62.0,70.0,73.0,69.0,75.0,Tunisia
Hannibal,Tunisia,CM,74,76.0,63.0,73.0,76.0,68.0,82.0,Tunisia
Ismaël Gharbi,Tunisia,LM,73,78.0,67.0,69.0,79.0,41.0,56.0,Tunisia
Montassar Talbi,Tunisia,CB,73,56.0,30.0,42.0,57.0,73.0,76.0,Tunisia
Amor Layouni,Tunisia,RW,72,92.0,71.0,64.0,70.0,41.0,77.0,Tunisia
Elias Achouri,Tunisia,LM,72,85.0,64.0,65.0,74.0,32.0,58.0,Tunisia
Elias Saad,Tunisia,LW,72,74.0,67.0,67.0,77.0,31.0,59.0,Tunisia
Yan Valery,Tunisia,RB,71,62.0,52.0,63.0,68.0,70.0,74.0,Tunisia
Saîf-Eddine Khaoui,Tunisia,CAM,70,50.0,68.0,71.0,71.0,49.0,59.0,Tunisia
Mortadha Ben Ouanes,Tunisia,LB,69,72.0,60.0,68.0,68.0,66.0,65.0,Tunisia
Sayfallah Ltaief,Tunisia,LM,69,84.0,61.0,61.0,72.0,32.0,63.0,Tunisia
Sebastian Tounekti,Tunisia,LM,69,78.0,62.0,62.0,70.0,24.0,63.0,Tunisia
Dylan Bronn,Tunisia,CB,68,60.0,61.0,64.0,61.0,68.0,76.0,Tunisia
Idris El Mizouni,Tunisia,CM,68,64.0,58.0,64.0,65.0,62.0,73.0,Tunisia
Hamza Rafia,Tunisia,CM,68,60.0,67.0,68.0,74.0,48.0,63.0,Tunisia
Anis Slimane,Tunisia,CM,67,65.0,61.0,62.0,68.0,58.0,75.0,Tunisia
Mohamed Belhadj Mahmoud,Tunisia,CDM,67,67.0,58.0,63.0,66.0,64.0,70.0,Tunisia
Alaa Ghram,Tunisia,CB,67,72.0,42.0,57.0,63.0,67.0,69.0,Tunisia
Amin Cherni,Tunisia,LB,66,74.0,33.0,54.0,60.0,59.0,67.0,Tunisia
Mohamed Dräger,Tunisia,RB,65,67.0,62.0,61.0,65.0,61.0,61.0,Tunisia
Chiheb Labidi,Tunisia,CM,64,64.0,51.0,61.0,65.0,59.0,71.0,Tunisia
Noureddine Farhat,Tunisia,GK,57,57.0,57.0,57.0,57.0,57.0,57.0,Tunisia
Aymen Dahmen,Tunisia,GK,57,57.0,57.0,57.0,57.0,57.0,57.0,Tunisia
Bechir Ben Said,Tunisia,GK,57,57.0,57.0,57.0,57.0,57.0,57.0,Tunisia
Sabri Ben Hassan,Tunisia,GK,57,57.0,57.0,57.0,57.0,57.0,57.0,Tunisia
Iñaki Williams,Ghana,RM,83,94.0,81.0,74.0,80.0,45.0,84.0,Ghana
Thomas Partey,Ghana,CDM,83,59.0,71.0,80.0,77.0,80.0,82.0,Ghana
Mohammed Kudus,Ghana,RW,80,89.0,76.0,72.0,86.0,60.0,74.0,Ghana
Antoine Semenyo,Ghana,RM,80,80.0,78.0,73.0,81.0,40.0,79.0,Ghana
Abdul Mumin,Ghana,CB,77,76.0,49.0,61.0,69.0,77.0,76.0,Ghana
Rahman Baba,Ghana,LB,76,77.0,66.0,69.0,74.0,72.0,78.0,Ghana
Mohammed Salisu,Ghana,CB,76,59.0,36.0,50.0,54.0,77.0,80.0,Ghana
Joseph Aidoo,Ghana,CB,75,69.0,27.0,46.0,50.0,74.0,80.0,Ghana
Gideon Mensah,Ghana,LB,74,76.0,57.0,65.0,72.0,68.0,67.0,Ghana
Alidu Seidu,Ghana,CB,74,61.0,43.0,61.0,70.0,75.0,67.0,Ghana
Jordan Ayew,Ghana,RM,73,66.0,73.0,70.0,75.0,56.0,71.0,Ghana
Lawrence Ati Zigi,Ghana,GK,73,72.0,70.0,66.0,74.0,40.0,73.0,Ghana
Christopher Bonsu Baah,Ghana,LM,73,87.0,65.0,64.0,79.0,34.0,66.0,Ghana
Tariq Lamptey,Ghana,RB,73,84.0,44.0,66.0,76.0,69.0,49.0,Ghana
Elisha Owusu,Ghana,CDM,73,55.0,54.0,68.0,70.0,70.0,70.0,Ghana
Salis Abdul Samed,Ghana,CDM,73,58.0,49.0,63.0,69.0,71.0,77.0,Ghana
Jerome Opoku,Ghana,CB,72,59.0,43.0,54.0,59.0,73.0,80.0,Ghana
Ibrahim Sulemana,Ghana,CDM,71,71.0,62.0,64.0,68.0,70.0,70.0,Ghana
Ransford-Yeboah Königsdörffer,Ghana,ST,71,81.0,69.0,64.0,74.0,42.0,64.0,Ghana
Kamaldeen Sulemana,Ghana,LM,71,88.0,63.0,63.0,76.0,28.0,59.0,Ghana
Prince Kwabena Adu,Ghana,ST,70,73.0,69.0,57.0,67.0,26.0,66.0,Ghana
Jonas Adjetey,Ghana,CB,70,70.0,23.0,47.0,50.0,71.0,71.0,Ghana
Brandon Thomas-Asante,Ghana,ST,69,83.0,67.0,59.0,69.0,34.0,76.0,Ghana
Kwasi Sibo,Ghana,CDM,69,63.0,54.0,58.0,65.0,67.0,79.0,Ghana
Caleb Yirenkyi,Ghana,CM,67,66.0,59.0,59.0,67.0,63.0,70.0,Ghana
Joseph Anang,Ghana,GK,67,67.0,67.0,66.0,68.0,33.0,65.0,Ghana
Evan Ndicka,Ivory Coast,CB,81,74.0,53.0,69.0,69.0,81.0,82.0,Cote d'Ivoire
Franck Yannick Kessié,Ivory Coast,CDM,80,78.0,77.0,73.0,78.0,78.0,86.0,Cote d'Ivoire
Wilfried Singo,Ivory Coast,CB,80,80.0,59.0,70.0,73.0,79.0,84.0,Cote d'Ivoire
Nicolas Pépé,Ivory Coast,RM,80,88.0,77.0,76.0,82.0,36.0,67.0,Cote d'Ivoire
Odilon Kossounou,Ivory Coast,CB,80,80.0,32.0,64.0,67.0,81.0,78.0,Cote d'Ivoire
Ousmane Diomande,Ivory Coast,CB,80,80.0,26.0,51.0,70.0,79.0,86.0,Cote d'Ivoire
Evann Guessand,Ivory Coast,RW,79,83.0,76.0,73.0,79.0,36.0,77.0,Cote d'Ivoire
Amad,Ivory Coast,CAM,79,85.0,74.0,75.0,83.0,54.0,52.0,Cote d'Ivoire
Emmanuel Agbadou,Ivory Coast,CB,79,80.0,48.0,63.0,66.0,78.0,83.0,Cote d'Ivoire
Seko Fofana,Ivory Coast,CM,77,68.0,75.0,74.0,76.0,71.0,80.0,Cote d'Ivoire
Ibrahim Sangaré,Ivory Coast,CDM,77,58.0,65.0,72.0,71.0,77.0,79.0,Cote d'Ivoire
Hamed Junior Traoré,Ivory Coast,LM,77,78.0,70.0,72.0,80.0,57.0,61.0,Cote d'Ivoire
Guéla Doué,Ivory Coast,RB,77,72.0,47.0,70.0,72.0,74.0,78.0,Cote d'Ivoire
Yahia Fofana,Ivory Coast,GK,76,78.0,71.0,70.0,79.0,41.0,74.0,Cote d'Ivoire
Simon Adingra,Ivory Coast,RM,76,87.0,70.0,70.0,80.0,30.0,52.0,Cote d'Ivoire
Alban Lafont,Ivory Coast,GK,75,71.0,70.0,69.0,81.0,47.0,76.0,Cote d'Ivoire
Bénie Traoré,Ivory Coast,LM,75,86.0,74.0,64.0,80.0,32.0,67.0,Cote d'Ivoire
Clément Akpa,Ivory Coast,CB,74,70.0,42.0,61.0,67.0,74.0,72.0,Cote d'Ivoire
Willy Boly,Ivory Coast,CB,73,34.0,36.0,59.0,55.0,74.0,71.0,Cote d'Ivoire
Ghislain Konan,Ivory Coast,LB,72,79.0,51.0,66.0,70.0,68.0,74.0,Cote d'Ivoire
Parfait Guiagon,Ivory Coast,LM,72,72.0,67.0,66.0,77.0,26.0,58.0,Cote d'Ivoire
Ismaila Soro,Ivory Coast,CDM,71,67.0,52.0,60.0,65.0,69.0,72.0,Cote d'Ivoire
Bazoumana Touré,Ivory Coast,LM,70,91.0,59.0,62.0,71.0,28.0,51.0,Cote d'Ivoire
Mohamed Koné,Ivory Coast,GK,68,68.0,68.0,64.0,70.0,31.0,64.0,Cote d'Ivoire
Christ Ravynel Inao Oulaï,Ivory Coast,CAM,64,74.0,50.0,61.0,69.0,58.0,49.0,Cote d'Ivoire
Martial Godo,Ivory Coast,RM,63,73.0,59.0,58.0,66.0,35.0,47.0,Cote d'Ivoire
Siyabonga Ngezana,South Africa,CB,73,75.0,37.0,48.0,60.0,74.0,79.0,South Africa
Gift Links,South Africa,LB,72,87.0,56.0,67.0,74.0,64.0,68.0,South Africa
Lyle Foster,South Africa,ST,72,81.0,72.0,61.0,69.0,36.0,73.0,South Africa
Bongokuhle Hlongwane,South Africa,RB,71,80.0,67.0,60.0,72.0,66.0,70.0,South Africa
Kobamelo Kodisang,South Africa,RM,68,84.0,67.0,61.0,70.0,28.0,47.0,South Africa
Yusuf Maart,South Africa,CM,67,73.0,57.0,67.0,67.0,53.0,51.0,South Africa
Ime Okon,South Africa,CB,67,77.0,30.0,44.0,59.0,68.0,70.0,South Africa
Luke Le Roux,South Africa,CM,66,62.0,59.0,62.0,67.0,60.0,71.0,South Africa
Sphephelo Sithole,South Africa,CDM,65,64.0,53.0,59.0,61.0,64.0,74.0,South Africa
Shandre Campbell,South Africa,LW,65,80.0,59.0,57.0,71.0,22.0,51.0,South Africa
Samukele Kabini,South Africa,LB,63,71.0,29.0,54.0,60.0,59.0,60.0,South Africa
Kegs Chauke,South Africa,CM,61,71.0,56.0,58.0,64.0,56.0,62.0,South Africa
Antonio van Wyk,South Africa,LW,61,76.0,59.0,56.0,60.0,31.0,54.0,South Africa
Olwethu Makhanya,South Africa,CB,57,74.0,32.0,42.0,44.0,56.0,64.0,South Africa
Ronwen Williams,South Africa,GK,57,57.0,57.0,57.0,57.0,57.0,57.0,South Africa
S. Chaine,South Africa,GK,57,57.0,57.0,57.0,57.0,57.0,57.0,South Africa
Ricardo Goss,South Africa,GK,57,57.0,57.0,57.0,57.0,57.0,57.0,South Africa
T. Smith,South Africa,CB,57,57.0,57.0,57.0,57.0,57.0,57.0,South Africa
K. Ndamane,South Africa,RB,57,57.0,57.0,57.0,57.0,57.0,57.0,South Africa
M. Mbokazi,South Africa,CB,57,57.0,57.0,57.0,57.0,57.0,57.0,South Africa
S. Kabini,South Africa,LB,57,57.0,57.0,57.0,57.0,57.0,57.0,South Africa
N. Sibisi,South Africa,CB,57,57.0,57.0,57.0,57.0,57.0,57.0,South Africa
T. Matuludi,South Africa,CM,57,57.0,57.0,57.0,57.0,57.0,57.0,South Africa
T. Moremi,South Africa,CM,57,57.0,57.0,57.0,57.0,57.0,57.0,South Africa
R. Mofokeng,South Africa,RM,57,57.0,57.0,57.0,57.0,57.0,57.0,South Africa
M. Shabalala,South Africa,ST,57,57.0,57.0,57.0,57.0,57.0,57.0,South Africa
Vozinha,Cape Verde,GK,57,57.0,57.0,57.0,57.0,57.0,57.0,Cabo Verde
Marcio Rosa,Cape Verde,GK,57,57.0,57.0,57.0,57.0,57.0,57.0,Cabo Verde
Bruno Varela,Cape Verde,GK,57,57.0,57.0,57.0,57.0,57.0,57.0,Cabo Verde
W. Pina,Cape Verde,RB,57,57.0,57.0,57.0,57.0,57.0,57.0,Cabo Verde
Stopira,Cape Verde,CB,57,57.0,57.0,57.0,57.0,57.0,57.0,Cabo Verde
Deni,Cape Verde,CB,57,57.0,57.0,57.0,57.0,57.0,57.0,Cabo Verde
Roberto Lopez,Cape Verde,CB,57,57.0,57.0,57.0,57.0,57.0,57.0,Cabo Verde
K. Pires,Cape Verde,CB,57,57.0,57.0,57.0,57.0,57.0,57.0,Cabo Verde
S. Lopes Cabral,Cape Verde,LB,57,57.0,57.0,57.0,57.0,57.0,57.0,Cabo Verde
Steven Moriera,Cape Verde,RB,57,57.0,57.0,57.0,57.0,57.0,57.0,Cabo Verde
A. Tavares,Cape Verde,CM,57,57.0,57.0,57.0,57.0,57.0,57.0,Cabo Verde
Kevin Linhares,Cape Verde,CM,57,57.0,57.0,57.0,57.0,57.0,57.0,Cabo Verde
A. Santos,Cape Verde,CM,57,57.0,57.0,57.0,57.0,57.0,57.0,Cabo Verde
Joao Paulo,Cape Verde,CM,57,57.0,57.0,57.0,57.0,57.0,57.0,Cabo Verde
Jovane Cabral,Cape Verde,LM,57,57.0,57.0,57.0,57.0,57.0,57.0,Cabo Verde
Jamiro Monteiro,Cape Verde,CM,57,57.0,57.0,57.0,57.0,57.0,57.0,Cabo Verde
D. Duarte,Cape Verde,CM,57,57.0,57.0,57.0,57.0,57.0,57.0,Cabo Verde
Laroys Duarte,Cape Verde,CM,57,57.0,57.0,57.0,57.0,57.0,57.0,Cabo Verde
Y. Semedo,Cape Verde,CM,57,57.0,57.0,57.0,57.0,57.0,57.0,Cabo Verde
Telmo Arcanjo,Cape Verde,RM,57,57.0,57.0,57.0,57.0,57.0,57.0,Cabo Verde
J. Correia,Cape Verde,CM,57,57.0,57.0,57.0,57.0,57.0,57.0,Cabo Verde
Djallon Livramento,Cape Verde,ST,57,57.0,57.0,57.0,57.0,57.0,57.0,Cabo Verde
Garry Rodrigues,Cape Verde,RW,57,57.0,57.0,57.0,57.0,57.0,57.0,Cabo Verde
Ryan Mendes,Cape Verde,LW,57,57.0,57.0,57.0,57.0,57.0,57.0,Cabo Verde
Helio Varela,Cape Verde,ST,57,57.0,57.0,57.0,57.0,57.0,57.0,Cabo Verde
Nuno Da Costa,Cape Verde,ST,57,57.0,57.0,57.0,57.0,57.0,57.0,Cabo Verde
Yoane Wissa,DR Congo,ST,82,85.0,82.0,70.0,80.0,31.0,71.0,Congo DR
Simon Banza,DR Congo,ST,81,79.0,81.0,62.0,77.0,36.0,79.0,Congo DR
Aaron Wan-Bissaka,DR Congo,RB,80,80.0,51.0,69.0,77.0,78.0,73.0,Congo DR
Cédric Bakambu,DR Congo,ST,77,78.0,78.0,68.0,72.0,40.0,68.0,Congo DR
Arthur Masuaku,DR Congo,LB,75,79.0,62.0,74.0,78.0,68.0,79.0,Congo DR
Noah Sadiki,DR Congo,CM,74,77.0,65.0,68.0,76.0,68.0,76.0,Congo DR
Joris Kayembe,DR Congo,LB,74,79.0,60.0,71.0,74.0,66.0,74.0,Congo DR
Silas,DR Congo,RM,74,90.0,69.0,61.0,79.0,52.0,71.0,Congo DR
Ngal'ayel Mukau,DR Congo,CDM,74,69.0,57.0,65.0,71.0,70.0,75.0,Congo DR
Samuel Essende,DR Congo,ST,74,73.0,72.0,50.0,67.0,26.0,81.0,Congo DR
Axel Tuanzebe,DR Congo,RB,73,76.0,36.0,64.0,68.0,73.0,75.0,Congo DR
Afimico Pululu,DR Congo,ST,72,85.0,70.0,58.0,73.0,27.0,75.0,Congo DR
Edo Kayembe,DR Congo,CM,71,72.0,66.0,69.0,70.0,67.0,78.0,Congo DR
Charles Pickel,DR Congo,CM,71,63.0,63.0,68.0,69.0,67.0,80.0,Congo DR
Beni Baningime,DR Congo,CDM,71,46.0,52.0,63.0,70.0,69.0,73.0,Congo DR
Dylan Batubinsika,DR Congo,CB,71,69.0,28.0,52.0,55.0,69.0,79.0,Congo DR
Steve Kapuadi,DR Congo,CB,71,65.0,33.0,45.0,50.0,70.0,83.0,Congo DR
Marcel Tisserand,DR Congo,CB,70,72.0,58.0,66.0,66.0,68.0,80.0,Congo DR
Meschack Elia,DR Congo,ST,70,82.0,68.0,67.0,75.0,26.0,70.0,Congo DR
Nathanaël Mbuku,DR Congo,RM,70,73.0,63.0,68.0,74.0,35.0,53.0,Congo DR
Jeremy Ngakia,DR Congo,RB,69,71.0,38.0,57.0,67.0,68.0,63.0,Congo DR
Pelly-Ruddock Mpanzu,DR Congo,CM,68,77.0,63.0,66.0,69.0,67.0,81.0,Congo DR
William Balikwisha,DR Congo,CAM,68,75.0,61.0,63.0,75.0,41.0,61.0,Congo DR
Lionel Mpasi,DR Congo,GK,67,67.0,66.0,66.0,65.0,45.0,66.0,Congo DR
Joel Kiassumbua,DR Congo,GK,57,57.0,57.0,57.0,57.0,57.0,57.0,Congo DR
Joris Delle,DR Congo,GK,57,57.0,57.0,57.0,57.0,57.0,57.0,Congo DR
Lautaro Martínez,Argentina,ST,88,81.0,88.0,75.0,84.0,51.0,83.0,Argentina
Julián Alvarez,Argentina,ST,87,85.0,87.0,81.0,87.0,57.0,79.0,Argentina
Alexis Mac Allister,Argentina,CM,87,66.0,82.0,85.0,85.0,78.0,76.0,Argentina
Lionel Messi,Argentina,RW,86,78.0,85.0,85.0,90.0,33.0,64.0,Argentina
Emiliano Martínez,Argentina,GK,85,83.0,82.0,82.0,85.0,56.0,85.0,Argentina
Rodrigo De Paul,Argentina,CM,84,75.0,78.0,83.0,83.0,76.0,83.0,Argentina
Enzo Fernández,Argentina,CM,84,68.0,75.0,85.0,81.0,73.0,75.0,Argentina
Exequiel Palacios,Argentina,CM,84,62.0,76.0,80.0,82.0,81.0,71.0,Argentina
Gerónimo Rulli,Argentina,GK,82,82.0,77.0,80.0,83.0,54.0,81.0,Argentina
Nicolás Otamendi,Argentina,CB,82,60.0,57.0,64.0,62.0,83.0,85.0,Argentina
Cristian Romero,Argentina,CB,82,66.0,48.0,62.0,65.0,83.0,81.0,Argentina
Giuliano Simeone,Argentina,RM,81,91.0,73.0,72.0,81.0,45.0,81.0,Argentina
Nahuel Molina,Argentina,RB,79,82.0,67.0,73.0,76.0,75.0,71.0,Argentina
Juan Musso,Argentina,GK,79,79.0,77.0,73.0,82.0,44.0,81.0,Argentina
Thiago Almada,Argentina,CAM,79,79.0,74.0,79.0,83.0,51.0,58.0,Argentina
Nico Paz,Argentina,CAM,79,78.0,71.0,77.0,82.0,51.0,64.0,Argentina
Marcos Acuña,Argentina,LB,78,76.0,69.0,77.0,81.0,71.0,80.0,Argentina
Leandro Paredes,Argentina,CM,78,62.0,70.0,82.0,79.0,72.0,74.0,Argentina
Nicolás Tagliafico,Argentina,LB,78,67.0,56.0,70.0,76.0,77.0,76.0,Argentina
Nico Gonzalez,Argentina,RM,78,82.0,75.0,73.0,78.0,45.0,61.0,Argentina
Marcos Senesi,Argentina,CB,78,56.0,42.0,70.0,72.0,79.0,75.0,Argentina
Lucas Martínez Quarta,Argentina,CB,77,69.0,60.0,70.0,70.0,76.0,84.0,Argentina
Franco Mastantuono,Argentina,CAM,77,74.0,71.0,75.0,80.0,50.0,63.0,Argentina
Valentín Barco,Argentina,LB,75,76.0,50.0,75.0,78.0,68.0,61.0,Argentina
Máximo Perrone,Argentina,CDM,73,72.0,55.0,70.0,76.0,68.0,66.0,Argentina
Gianluca Prestianni,Argentina,RM,71,87.0,61.0,60.0,79.0,42.0,49.0,Argentina
Raphinha,Brazil,LM,89,91.0,84.0,85.0,87.0,53.0,75.0,Brazil
Vini Jr.,Brazil,LW,89,95.0,84.0,81.0,91.0,29.0,69.0,Brazil
Bruno Guimarães,Brazil,CM,86,66.0,75.0,84.0,84.0,79.0,81.0,Brazil
Ederson,Brazil,GK,85,83.0,82.0,91.0,83.0,64.0,83.0,Brazil
Rodrygo,Brazil,RW,85,88.0,80.0,79.0,87.0,31.0,64.0,Brazil
Bremer,Brazil,CB,85,82.0,50.0,58.0,66.0,86.0,80.0,Brazil
Éder Militão,Brazil,CB,84,82.0,50.0,69.0,71.0,85.0,82.0,Brazil
Matheus Cunha,Brazil,CAM,83,77.0,85.0,79.0,84.0,44.0,75.0,Brazil
Fabinho,Brazil,CDM,82,53.0,69.0,78.0,77.0,81.0,80.0,Brazil
Savinho,Brazil,RW,82,87.0,71.0,78.0,86.0,30.0,53.0,Brazil
Ibañez,Brazil,CB,82,87.0,32.0,47.0,61.0,83.0,85.0,Brazil
Carlos Augusto,Brazil,LB,81,78.0,72.0,77.0,79.0,79.0,76.0,Brazil
Gabriel Martinelli,Brazil,LW,81,90.0,77.0,75.0,83.0,46.0,72.0,Brazil
Gabriel Sara,Brazil,CM,80,74.0,74.0,83.0,79.0,68.0,78.0,Brazil
Lucas Paquetá,Brazil,CM,80,68.0,78.0,78.0,84.0,69.0,75.0,Brazil
Andrey Santos,Brazil,CM,80,74.0,69.0,74.0,78.0,77.0,80.0,Brazil
Bento,Brazil,GK,80,79.0,76.0,77.0,83.0,39.0,81.0,Brazil
Casemiro,Brazil,CDM,80,36.0,74.0,76.0,69.0,80.0,76.0,Brazil
Luis Henrique,Brazil,RM,78,90.0,73.0,71.0,77.0,54.0,77.0,Brazil
Renan Lodi,Brazil,LB,78,75.0,69.0,76.0,77.0,73.0,71.0,Brazil
Endrick,Brazil,ST,77,87.0,77.0,62.0,78.0,30.0,68.0,Brazil
Igor Thiago,Brazil,ST,75,66.0,75.0,54.0,69.0,37.0,78.0,Brazil
Marquinhos,Brazil,CB,87,78.0,56.0,75.0,74.0,89.0,80.0,Brazil
João Pedro,Brazil,ST,79,78.0,78.0,72.0,81.0,37.0,70.0,Brazil
Wesley,Brazil,RB,77,89.0,62.0,70.0,78.0,73.0,76.0,Brazil
Yan Couto,Brazil,RB,77,78.0,61.0,77.0,83.0,69.0,61.0,Brazil
Luis Díaz,Colombia,LM,85,88.0,81.0,76.0,87.0,45.0,75.0,Colombia
Davinson Sánchez,Colombia,CB,82,82.0,58.0,63.0,73.0,82.0,88.0,Colombia
Daniel Muñoz,Colombia,RB,81,75.0,69.0,72.0,76.0,79.0,81.0,Colombia
Richard Ríos,Colombia,CM,79,81.0,70.0,77.0,82.0,72.0,82.0,Colombia
Jhon Durán,Colombia,ST,79,81.0,81.0,63.0,75.0,32.0,80.0,Colombia
Johan Mojica,Colombia,LB,78,88.0,65.0,73.0,73.0,74.0,70.0,Colombia
Cucho,Colombia,ST,78,81.0,77.0,75.0,81.0,42.0,78.0,Colombia
Jhon Arias,Colombia,RW,78,85.0,75.0,74.0,79.0,42.0,68.0,Colombia
Kevin Castaño,Colombia,CM,77,76.0,68.0,76.0,76.0,72.0,75.0,Colombia
Jefferson Lerma,Colombia,CDM,77,68.0,71.0,70.0,74.0,76.0,79.0,Colombia
Luis Javier Suárez,Colombia,ST,77,83.0,77.0,66.0,75.0,38.0,78.0,Colombia
Juan Fernando Quintero,Colombia,CAM,77,62.0,76.0,79.0,81.0,41.0,54.0,Colombia
Deiver Machado,Colombia,LB,76,84.0,69.0,71.0,76.0,71.0,76.0,Colombia
Mateus Uribe,Colombia,CM,76,72.0,74.0,74.0,75.0,74.0,74.0,Colombia
Juan Cuadrado,Colombia,RM,76,77.0,72.0,76.0,78.0,74.0,61.0,Colombia
David Ospina,Colombia,GK,76,75.0,74.0,77.0,77.0,53.0,79.0,Colombia
Jaminton Campaz,Colombia,LM,76,85.0,72.0,72.0,77.0,30.0,57.0,Colombia
Jhon Lucumí,Colombia,CB,76,65.0,38.0,62.0,61.0,77.0,78.0,Colombia
Nelson Deossa,Colombia,CM,75,75.0,76.0,72.0,74.0,72.0,80.0,Colombia
Álvaro Montero,Colombia,GK,75,75.0,74.0,72.0,71.0,43.0,80.0,Colombia
Yáser Asprilla,Colombia,RM,75,80.0,72.0,73.0,76.0,50.0,62.0,Colombia
Juan David Cabal,Colombia,LB,74,72.0,38.0,69.0,65.0,74.0,69.0,Colombia
Devis Vásquez,Colombia,GK,72,72.0,68.0,71.0,75.0,38.0,70.0,Colombia
Yerson Mosquera,Colombia,CB,72,80.0,30.0,50.0,52.0,71.0,73.0,Colombia
Rafael Carrascal,Colombia,CM,70,66.0,63.0,70.0,65.0,69.0,71.0,Colombia
Gustavo Puerta,Colombia,CM,68,61.0,60.0,68.0,72.0,62.0,67.0,Colombia
Moisés Caicedo,Ecuador,CDM,87,71.0,64.0,78.0,81.0,84.0,82.0,Ecuador
Willian Pacho,Ecuador,CB,86,80.0,34.0,62.0,62.0,86.0,86.0,Ecuador
Piero Hincapié,Ecuador,CB,83,84.0,41.0,65.0,72.0,84.0,82.0,Ecuador
Pervis Estupiñán,Ecuador,LB,79,76.0,57.0,77.0,78.0,75.0,72.0,Ecuador
Ángelo Preciado,Ecuador,RM,75,87.0,62.0,70.0,76.0,66.0,71.0,Ecuador
Joel Ordoñez,Ecuador,CB,75,74.0,26.0,54.0,56.0,74.0,79.0,Ecuador
Hernán Galíndez,Ecuador,GK,74,74.0,73.0,70.0,74.0,32.0,76.0,Ecuador
Kendry Páez,Ecuador,CAM,73,79.0,68.0,69.0,75.0,43.0,54.0,Ecuador
José Cifuentes,Ecuador,CM,72,71.0,61.0,68.0,73.0,71.0,78.0,Ecuador
Jhoanner Chávez,Ecuador,LB,72,85.0,60.0,66.0,72.0,66.0,67.0,Ecuador
Carlos Gruezo,Ecuador,CDM,72,58.0,46.0,62.0,70.0,67.0,75.0,Ecuador
Junior Sornoza,Ecuador,CAM,72,68.0,73.0,73.0,73.0,41.0,49.0,Ecuador
Leonardo Campana,Ecuador,ST,72,65.0,72.0,48.0,65.0,31.0,71.0,Ecuador
Janner Corozo,Ecuador,LM,71,84.0,65.0,65.0,71.0,51.0,64.0,Ecuador
Yaimar Medina,Ecuador,LB,70,91.0,58.0,64.0,67.0,61.0,64.0,Ecuador
Alan Minda,Ecuador,RM,70,84.0,65.0,62.0,71.0,51.0,59.0,Ecuador
John Yeboah,Ecuador,ST,70,92.0,66.0,62.0,75.0,26.0,57.0,Ecuador
Jeremy Sarmiento,Ecuador,LM,70,78.0,63.0,65.0,74.0,37.0,59.0,Ecuador
John Mercado,Ecuador,LW,70,86.0,60.0,62.0,72.0,32.0,63.0,Ecuador
Gonzalo Valle,Ecuador,GK,70,67.0,70.0,65.0,72.0,26.0,69.0,Ecuador
Patrik Mercado,Ecuador,CM,68,72.0,58.0,59.0,67.0,62.0,61.0,Ecuador
Anthony Valencia,Ecuador,RM,67,82.0,59.0,61.0,74.0,52.0,53.0,Ecuador
Denil Castillo,Ecuador,CM,67,60.0,52.0,67.0,65.0,64.0,71.0,Ecuador
Kevin Rodríguez,Ecuador,ST,67,79.0,65.0,54.0,68.0,25.0,67.0,Ecuador
Nilson Angulo,Ecuador,LM,67,80.0,60.0,60.0,68.0,34.0,55.0,Ecuador
Jordy Caicedo,Ecuador,ST,66,69.0,65.0,44.0,62.0,34.0,77.0,Ecuador
Kaku,Paraguay,CAM,79,81.0,73.0,81.0,80.0,52.0,64.0,Paraguay
Omar Alderete,Paraguay,CB,78,60.0,61.0,62.0,69.0,79.0,78.0,Paraguay
Miguel Almirón,Paraguay,RW,76,87.0,72.0,70.0,79.0,57.0,64.0,Paraguay
Antonio Sanabria,Paraguay,ST,76,75.0,75.0,68.0,79.0,32.0,57.0,Paraguay
Richard Sánchez,Paraguay,CM,75,77.0,68.0,74.0,75.0,72.0,77.0,Paraguay
Gabriel Ávalos,Paraguay,ST,75,67.0,75.0,63.0,73.0,45.0,84.0,Paraguay
Alex Arce,Paraguay,ST,75,59.0,79.0,50.0,70.0,23.0,64.0,Paraguay
Lorenzo Melgarejo,Paraguay,LW,74,81.0,75.0,69.0,75.0,56.0,67.0,Paraguay
Matías Rojas,Paraguay,RW,74,70.0,77.0,74.0,77.0,56.0,63.0,Paraguay
Andrés Cubas,Paraguay,CDM,74,69.0,47.0,66.0,71.0,73.0,56.0,Paraguay
Diego Gómez,Paraguay,CM,73,69.0,67.0,71.0,75.0,72.0,75.0,Paraguay
Derlis González,Paraguay,ST,73,79.0,74.0,71.0,75.0,45.0,63.0,Paraguay
Cecilio Domínguez,Paraguay,LM,73,79.0,71.0,69.0,74.0,44.0,70.0,Paraguay
Matías Galarza,Paraguay,CM,73,63.0,73.0,70.0,76.0,65.0,58.0,Paraguay
Julio César Enciso,Paraguay,CAM,73,74.0,72.0,70.0,78.0,33.0,51.0,Paraguay
Carlos González,Paraguay,ST,73,62.0,73.0,54.0,67.0,35.0,75.0,Paraguay
Gustavo Velázquez,Paraguay,CB,73,74.0,31.0,47.0,55.0,72.0,78.0,Paraguay
Williams Riveros,Paraguay,CB,72,58.0,39.0,50.0,53.0,72.0,77.0,Paraguay
Saúl Salcedo,Paraguay,CB,71,54.0,33.0,47.0,54.0,71.0,75.0,Paraguay
Gastón Giménez,Paraguay,CDM,70,61.0,59.0,67.0,70.0,65.0,80.0,Paraguay
Braian Ojeda,Paraguay,CDM,70,67.0,54.0,64.0,72.0,66.0,73.0,Paraguay
Rodney Redes,Paraguay,RW,70,83.0,65.0,64.0,71.0,45.0,61.0,Paraguay
Roberto Fernández,Paraguay,GK,70,71.0,66.0,64.0,71.0,44.0,69.0,Paraguay
Juan Escobar,Paraguay,RB,69,74.0,61.0,62.0,69.0,67.0,76.0,Paraguay
José Canale,Paraguay,CB,69,63.0,32.0,49.0,49.0,69.0,73.0,Paraguay
Orlando Gill,Paraguay,GK,62,63.0,62.0,60.0,62.0,24.0,63.0,Paraguay
Federico Valverde,Uruguay,CM,89,88.0,84.0,84.0,84.0,83.0,85.0,Uruguay
Lucas Torreira,Uruguay,CDM,83,76.0,72.0,78.0,81.0,81.0,79.0,Uruguay
José María Giménez,Uruguay,CB,83,73.0,46.0,60.0,62.0,85.0,82.0,Uruguay
Rodrigo Bentancur,Uruguay,CDM,80,64.0,68.0,78.0,79.0,78.0,72.0,Uruguay
Darwin Núñez,Uruguay,ST,79,88.0,79.0,72.0,76.0,49.0,82.0,Uruguay
Manuel Ugarte,Uruguay,CDM,79,62.0,65.0,72.0,76.0,77.0,75.0,Uruguay
Mathías Olivera,Uruguay,LB,78,70.0,51.0,69.0,72.0,77.0,73.0,Uruguay
Maximiliano Araújo,Uruguay,LM,77,85.0,63.0,70.0,79.0,68.0,68.0,Uruguay
Santiago Bueno,Uruguay,CB,76,50.0,31.0,56.0,56.0,77.0,77.0,Uruguay
Facundo Pellistri,Uruguay,RM,73,82.0,64.0,66.0,75.0,38.0,63.0,Uruguay
Agustín Álvarez,Uruguay,ST,72,70.0,73.0,62.0,69.0,36.0,71.0,Uruguay
Sergio Rochet,Uruguay,GK,75,57.0,57.0,57.0,57.0,57.0,57.0,Uruguay
Santiago Mele,Uruguay,GK,70,57.0,57.0,57.0,57.0,57.0,57.0,Uruguay
Gastón Álvarez,Uruguay,GK,68,57.0,57.0,57.0,57.0,57.0,57.0,Uruguay
Ronald Araújo,Uruguay,CB,85,57.0,57.0,57.0,57.0,57.0,57.0,Uruguay
Sebastián Cáceres,Uruguay,CB,72,57.0,57.0,57.0,57.0,57.0,57.0,Uruguay
Guillermo Varela,Uruguay,RB,70,57.0,57.0,57.0,57.0,57.0,57.0,Uruguay
Matías Viña,Uruguay,LB,74,57.0,57.0,57.0,57.0,57.0,57.0,Uruguay
Nicolás Fonseca,Uruguay,CM,68,57.0,57.0,57.0,57.0,57.0,57.0,Uruguay
Jorge De Arrascaeta,Uruguay,CAM,80,57.0,57.0,57.0,57.0,57.0,57.0,Uruguay
Facundo Torres,Uruguay,LW,72,57.0,57.0,57.0,57.0,57.0,57.0,Uruguay
Rodrigo Aguirre,Uruguay,ST,68,57.0,57.0,57.0,57.0,57.0,57.0,Uruguay
Nicolás De La Cruz,Uruguay,CM,80,57.0,57.0,57.0,57.0,57.0,57.0,Uruguay
Agustín Canobbio,Uruguay,LW,71,57.0,57.0,57.0,57.0,57.0,57.0,Uruguay
Brian Rodríguez,Uruguay,LW,72,57.0,57.0,57.0,57.0,57.0,57.0,Uruguay
Joaquín Piquerez,Uruguay,LB,74,57.0,57.0,57.0,57.0,57.0,57.0,Uruguay
Jude Bellingham,England,CAM,90,80.0,86.0,83.0,90.0,78.0,85.0,England
Harry Kane,England,ST,89,64.0,92.0,83.0,82.0,48.0,82.0,England
Bukayo Saka,England,RW,88,84.0,82.0,85.0,88.0,60.0,73.0,England
Cole Palmer,England,CAM,87,75.0,83.0,87.0,87.0,50.0,65.0,England
Declan Rice,England,CDM,87,72.0,73.0,84.0,80.0,83.0,83.0,England
Trent Alexander-Arnold,England,RB,86,76.0,72.0,89.0,80.0,80.0,74.0,England
Phil Foden,England,RW,85,81.0,81.0,82.0,89.0,57.0,57.0,England
Jordan Pickford,England,GK,84,84.0,78.0,88.0,87.0,53.0,81.0,England
Ollie Watkins,England,ST,84,77.0,83.0,73.0,80.0,50.0,80.0,England
James Maddison,England,CM,84,67.0,81.0,86.0,85.0,58.0,64.0,England
Anthony Gordon,England,LW,83,91.0,79.0,78.0,83.0,50.0,71.0,England
Eberechi Eze,England,CAM,83,74.0,80.0,81.0,87.0,50.0,68.0,England
Jarrod Bowen,England,RM,83,76.0,81.0,78.0,82.0,46.0,70.0,England
Benjamin White,England,RB,83,70.0,35.0,75.0,75.0,83.0,78.0,England
Morgan Rogers,England,CAM,82,77.0,77.0,79.0,84.0,67.0,79.0,England
Morgan Gibbs-White,England,CAM,82,75.0,77.0,82.0,84.0,60.0,72.0,England
Ezri Konsa,England,CB,82,75.0,53.0,71.0,75.0,84.0,78.0,England
John Stones,England,CB,82,64.0,58.0,74.0,75.0,84.0,72.0,England
Marc Guéhi,England,CB,82,69.0,39.0,69.0,73.0,83.0,78.0,England
Conor Gallagher,England,CM,81,75.0,76.0,80.0,78.0,79.0,84.0,England
Dean Henderson,England,GK,81,82.0,78.0,77.0,82.0,55.0,80.0,England
Nick Pope,England,GK,81,81.0,81.0,68.0,82.0,49.0,78.0,England
Levi Colwill,England,CB,80,70.0,43.0,71.0,72.0,81.0,80.0,England
Jadon Sancho,England,LW,80,79.0,73.0,77.0,87.0,35.0,58.0,England
Harry Maguire,England,CB,80,35.0,57.0,70.0,65.0,80.0,82.0,England
Kylian Mbappé,France,ST,91,97.0,90.0,81.0,92.0,37.0,76.0,France
Ousmane Dembélé,France,ST,90,91.0,88.0,83.0,93.0,50.0,69.0,France
William Saliba,France,CB,87,77.0,39.0,68.0,72.0,87.0,83.0,France
Mike Maignan,France,GK,87,84.0,83.0,85.0,88.0,64.0,84.0,France
Michael Olise,France,RM,86,78.0,80.0,84.0,87.0,50.0,66.0,France
Ibrahima Konaté,France,CB,86,77.0,34.0,63.0,69.0,86.0,85.0,France
N'Golo Kanté,France,CDM,85,77.0,65.0,73.0,80.0,85.0,79.0,France
Désiré Doué,France,RW,85,83.0,80.0,77.0,90.0,55.0,74.0,France
Marcus Thuram,France,ST,85,86.0,83.0,76.0,82.0,50.0,80.0,France
Dayot Upamecano,France,CB,85,77.0,45.0,64.0,73.0,84.0,84.0,France
Theo Hernández,France,LB,84,90.0,76.0,78.0,83.0,79.0,83.0,France
Aurélien Tchouaméni,France,CDM,84,71.0,69.0,79.0,78.0,81.0,82.0,France
Bradley Barcola,France,LW,84,90.0,77.0,78.0,84.0,39.0,66.0,France
Adrien Rabiot,France,CAM,83,81.0,79.0,81.0,80.0,77.0,84.0,France
Eduardo Camavinga,France,CM,83,80.0,68.0,81.0,84.0,78.0,80.0,France
Lucas Chevalier,France,GK,83,84.0,79.0,73.0,86.0,50.0,80.0,France
Hugo Ekitiké,France,ST,83,86.0,78.0,69.0,85.0,33.0,73.0,France
Randal Kolo Muani,France,ST,81,90.0,79.0,71.0,80.0,38.0,65.0,France
Rayan Cherki,France,RW,81,75.0,75.0,80.0,88.0,21.0,65.0,France
Warren Zaïre-Emery,France,CM,80,79.0,68.0,76.0,79.0,75.0,79.0,France
Brice Samba,France,GK,80,78.0,80.0,80.0,80.0,53.0,80.0,France
Lucas Digne,France,LB,80,69.0,68.0,79.0,76.0,77.0,74.0,France
Pierre Kalulu,France,CB,80,80.0,53.0,68.0,70.0,81.0,76.0,France
Maghnes Akliouche,France,RM,80,74.0,70.0,78.0,83.0,48.0,62.0,France
Malo Gusto,France,RB,79,84.0,45.0,75.0,78.0,73.0,74.0,France
Maxence Lacroix,France,CB,79,88.0,40.0,57.0,67.0,80.0,82.0,France
Rodri,Spain,CDM,90,65.0,80.0,86.0,84.0,86.0,85.0,Spain
Lamine Yamal,Spain,RM,89,85.0,81.0,86.0,90.0,23.0,53.0,Spain
Pedri,Spain,CM,89,77.0,73.0,85.0,91.0,78.0,77.0,Spain
David Raya,Spain,GK,87,86.0,84.0,87.0,87.0,62.0,85.0,Spain
Unai Simón,Spain,GK,85,84.0,80.0,76.0,85.0,49.0,84.0,Spain
Fabián Ruiz,Spain,CM,85,61.0,77.0,80.0,81.0,75.0,72.0,Spain
Dani Olmo,Spain,CAM,85,73.0,79.0,83.0,87.0,50.0,56.0,Spain
Marcos Llorente,Spain,RB,84,89.0,79.0,78.0,81.0,78.0,82.0,Spain
Marc Cucurella,Spain,LB,84,75.0,64.0,79.0,80.0,82.0,79.0,Spain
Grimaldo,Spain,LM,84,72.0,73.0,87.0,85.0,74.0,67.0,Spain
Álex Baena,Spain,LM,84,79.0,76.0,84.0,82.0,65.0,68.0,Spain
Joan García,Spain,GK,83,81.0,82.0,77.0,86.0,46.0,83.0,Spain
Zubimendi,Spain,CDM,83,66.0,67.0,79.0,79.0,80.0,73.0,Spain
Ferran Torres,Spain,LW,83,83.0,81.0,79.0,83.0,35.0,68.0,Spain
Pedro Porro,Spain,RB,82,78.0,73.0,81.0,80.0,77.0,76.0,Spain
Dean Huijsen,Spain,CB,82,71.0,55.0,73.0,74.0,82.0,76.0,Spain
Oyarzabal,Spain,ST,82,77.0,83.0,81.0,82.0,42.0,65.0,Spain
Pau Cubarsí,Spain,CB,82,70.0,42.0,66.0,77.0,84.0,76.0,Spain
Aymeric Laporte,Spain,CB,82,51.0,50.0,74.0,70.0,83.0,77.0,Spain
Borja Iglesias,Spain,ST,80,62.0,82.0,71.0,74.0,40.0,77.0,Spain
Yeremy Pino,Spain,RM,80,77.0,73.0,78.0,81.0,38.0,53.0,Spain
Pablo Fornals,Spain,CDM,79,65.0,75.0,80.0,80.0,73.0,71.0,Spain
Carlos Soler,Spain,CM,77,70.0,75.0,78.0,78.0,69.0,68.0,Spain
Barrenetxea,Spain,LM,77,81.0,72.0,72.0,78.0,29.0,68.0,Spain
Mosquera,Spain,CB,77,74.0,46.0,60.0,56.0,78.0,76.0,Spain
Víctor Muñoz,Spain,LW,65,72.0,61.0,60.0,66.0,26.0,39.0,Spain
Bruno Fernandes,Portugal,CAM,87,67.0,83.0,89.0,83.0,65.0,75.0,Portugal
Nuno Mendes,Portugal,LB,86,95.0,65.0,76.0,82.0,80.0,77.0,Portugal
João Neves,Portugal,CM,85,74.0,69.0,80.0,84.0,82.0,83.0,Portugal
Cristiano Ronaldo,Portugal,ST,85,76.0,88.0,76.0,80.0,34.0,76.0,Portugal
João Cancelo,Portugal,RB,84,83.0,73.0,84.0,84.0,78.0,74.0,Portugal
Rúben Neves,Portugal,CDM,84,57.0,75.0,87.0,77.0,77.0,76.0,Portugal
Diogo Costa,Portugal,GK,84,83.0,78.0,82.0,86.0,35.0,83.0,Portugal
Rafael Leão,Portugal,LW,84,93.0,78.0,80.0,86.0,28.0,75.0,Portugal
Pedro Gonçalves,Portugal,CAM,83,77.0,82.0,83.0,84.0,63.0,68.0,Portugal
Ricardo Horta,Portugal,CAM,81,78.0,81.0,81.0,82.0,43.0,69.0,Portugal
Rui Silva,Portugal,GK,81,82.0,78.0,77.0,84.0,31.0,81.0,Portugal
Gonçalo Inácio,Portugal,CB,81,77.0,37.0,71.0,73.0,82.0,81.0,Portugal
Pedro Neto,Portugal,RM,80,91.0,76.0,74.0,82.0,40.0,68.0,Portugal
Gonçalo Ramos,Portugal,ST,80,73.0,79.0,64.0,77.0,48.0,79.0,Portugal
Matheus Nunes,Portugal,RB,79,85.0,70.0,76.0,79.0,73.0,76.0,Portugal
Diogo Dalot,Portugal,RB,79,85.0,63.0,74.0,77.0,76.0,78.0,Portugal
João Félix,Portugal,CAM,79,77.0,78.0,77.0,82.0,45.0,66.0,Portugal
Francisco Conceição,Portugal,RM,79,87.0,68.0,73.0,85.0,36.0,50.0,Portugal
António Silva,Portugal,CB,78,80.0,37.0,64.0,69.0,78.0,80.0,Portugal
José Sá,Portugal,GK,77,77.0,75.0,70.0,77.0,52.0,76.0,Portugal
Renato Veiga,Portugal,CB,76,73.0,60.0,73.0,72.0,75.0,82.0,Portugal
Rodrigo Mora,Portugal,CAM,76,77.0,66.0,74.0,79.0,40.0,41.0,Portugal
Gonçalo Guedes,Portugal,ST,75,76.0,76.0,70.0,78.0,37.0,66.0,Portugal
Vitinha,Portugal,CM,89,72.0,80.0,86.0,90.0,75.0,70.0,Portugal
Samu,Portugal,CM,73,73.0,69.0,72.0,74.0,59.0,65.0,Portugal
Paulinho,Portugal,ST,64,64.0,64.0,44.0,60.0,25.0,70.0,Portugal
Joshua Kimmich,Germany,CDM,89,72.0,74.0,89.0,84.0,83.0,79.0,Germany
Florian Wirtz,Germany,CAM,89,80.0,82.0,88.0,90.0,54.0,67.0,Germany
Jamal Musiala,Germany,CAM,88,80.0,82.0,80.0,90.0,66.0,65.0,Germany
Jonathan Tah,Germany,CB,87,63.0,38.0,60.0,63.0,87.0,86.0,Germany
Antonio Rüdiger,Germany,CB,86,79.0,55.0,72.0,70.0,84.0,86.0,Germany
Marc-André ter Stegen,Germany,GK,86,84.0,84.0,89.0,85.0,47.0,84.0,Germany
Nico Schlotterbeck,Germany,CB,85,74.0,60.0,75.0,73.0,85.0,82.0,Germany
Manuel Neuer,Germany,GK,84,81.0,81.0,90.0,81.0,31.0,86.0,Germany
Oliver Baumann,Germany,GK,83,83.0,81.0,78.0,83.0,39.0,80.0,Germany
Angelo Stiller,Germany,CDM,83,56.0,58.0,83.0,84.0,76.0,71.0,Germany
Leon Goretzka,Germany,CM,82,77.0,78.0,80.0,80.0,80.0,82.0,Germany
Felix Nmecha,Germany,CDM,82,82.0,74.0,73.0,81.0,80.0,86.0,Germany
David Raum,Germany,LB,82,86.0,61.0,80.0,79.0,74.0,78.0,Germany
Leroy Sané,Germany,RM,82,87.0,81.0,78.0,85.0,37.0,68.0,Germany
Serge Gnabry,Germany,LM,82,79.0,83.0,78.0,84.0,43.0,66.0,Germany
Kai Havertz,Germany,ST,82,72.0,79.0,78.0,81.0,48.0,74.0,Germany
Waldemar Anton,Germany,CB,82,69.0,47.0,67.0,66.0,84.0,84.0,Germany
Pascal Groß,Germany,CDM,80,48.0,75.0,84.0,79.0,72.0,76.0,Germany
Deniz Undav,Germany,ST,80,66.0,82.0,74.0,80.0,33.0,77.0,Germany
Anton Stach,Germany,CDM,79,70.0,68.0,75.0,72.0,78.0,80.0,Germany
Nick Woltemade,Germany,ST,79,67.0,78.0,65.0,79.0,41.0,74.0,Germany
Malick Thiaw,Germany,CB,78,72.0,47.0,69.0,72.0,78.0,80.0,Germany
Kevin Schade,Germany,LM,78,92.0,75.0,70.0,78.0,30.0,68.0,Germany
Chris Führich,Germany,LM,77,84.0,69.0,71.0,83.0,51.0,58.0,Germany
Nathaniel Brown,Germany,LB,77,83.0,53.0,71.0,77.0,71.0,51.0,Germany
Jamie Leweling,Germany,RM,75,83.0,71.0,65.0,78.0,46.0,72.0,Germany
Virgil van Dijk,Netherlands,CB,90,73.0,60.0,72.0,72.0,90.0,87.0,Netherlands
Frenkie de Jong,Netherlands,CM,87,82.0,71.0,85.0,87.0,78.0,77.0,Netherlands
Tijjani Reijnders,Netherlands,CM,86,79.0,79.0,82.0,85.0,77.0,77.0,Netherlands
Ryan Gravenberch,Netherlands,CDM,85,76.0,76.0,81.0,85.0,81.0,81.0,Netherlands
Denzel Dumfries,Netherlands,RB,84,84.0,70.0,75.0,79.0,79.0,84.0,Netherlands
Xavi Simons,Netherlands,CAM,84,77.0,77.0,80.0,87.0,61.0,70.0,Netherlands
Cody Gakpo,Netherlands,LM,84,83.0,82.0,80.0,83.0,47.0,74.0,Netherlands
Stefan de Vrij,Netherlands,CB,84,62.0,41.0,68.0,69.0,86.0,74.0,Netherlands
Jeremie Frimpong,Netherlands,RB,83,94.0,62.0,74.0,84.0,72.0,63.0,Netherlands
Nathan Aké,Netherlands,CB,83,72.0,53.0,72.0,75.0,84.0,74.0,Netherlands
Micky van de Ven,Netherlands,CB,82,90.0,49.0,64.0,72.0,82.0,80.0,Netherlands
Jurriën Timber,Netherlands,RB,82,76.0,48.0,72.0,77.0,82.0,80.0,Netherlands
Matthijs de Ligt,Netherlands,CB,82,62.0,61.0,62.0,67.0,82.0,83.0,Netherlands
Teun Koopmeiners,Netherlands,CAM,81,70.0,79.0,83.0,78.0,75.0,75.0,Netherlands
Quinten Timber,Netherlands,CM,80,77.0,78.0,76.0,80.0,74.0,83.0,Netherlands
Noa Lang,Netherlands,LW,80,80.0,77.0,73.0,84.0,50.0,68.0,Netherlands
Steven Bergwijn,Netherlands,LM,80,80.0,78.0,76.0,84.0,41.0,71.0,Netherlands
Jerdy Schouten,Netherlands,CDM,80,60.0,59.0,72.0,76.0,80.0,73.0,Netherlands
Jan Paul van Hecke,Netherlands,CB,80,67.0,46.0,72.0,70.0,80.0,78.0,Netherlands
Donyell Malen,Netherlands,RM,79,86.0,78.0,72.0,82.0,35.0,67.0,Netherlands
Bart Verbruggen,Netherlands,GK,78,79.0,76.0,76.0,81.0,56.0,75.0,Netherlands
Mark Flekken,Netherlands,GK,78,79.0,76.0,80.0,80.0,32.0,76.0,Netherlands
Jorrel Hato,Netherlands,LB,78,85.0,41.0,70.0,74.0,75.0,73.0,Netherlands
Wout Weghorst,Netherlands,ST,78,54.0,78.0,62.0,68.0,57.0,87.0,Netherlands
Brian Brobbey,Netherlands,ST,77,84.0,73.0,56.0,72.0,30.0,80.0,Netherlands
Justin Bijlow,Netherlands,GK,75,77.0,72.0,75.0,76.0,42.0,73.0,Netherlands
Thibaut Courtois,Belgium,GK,89,85.0,89.0,76.0,90.0,46.0,88.0,Belgium
Kevin De Bruyne,Belgium,CM,87,66.0,83.0,92.0,84.0,65.0,72.0,Belgium
Youri Tielemans,Belgium,CM,85,54.0,79.0,85.0,80.0,75.0,72.0,Belgium
Romelu Lukaku,Belgium,ST,84,79.0,82.0,75.0,75.0,41.0,84.0,Belgium
Matz Sels,Belgium,GK,83,82.0,80.0,79.0,83.0,36.0,83.0,Belgium
Loïs Openda,Belgium,ST,83,95.0,81.0,69.0,81.0,31.0,80.0,Belgium
Leandro Trossard,Belgium,LW,83,80.0,81.0,80.0,85.0,30.0,60.0,Belgium
Charles De Ketelaere,Belgium,CAM,82,70.0,79.0,80.0,83.0,56.0,68.0,Belgium
Dodi Lukébakio,Belgium,RM,82,87.0,81.0,76.0,83.0,31.0,64.0,Belgium
Yannick Carrasco,Belgium,LW,81,87.0,80.0,77.0,85.0,58.0,67.0,Belgium
Maxim De Cuyper,Belgium,LB,80,76.0,73.0,80.0,79.0,75.0,75.0,Belgium
Hans Vanaken,Belgium,CAM,80,45.0,79.0,84.0,77.0,60.0,78.0,Belgium
Jérémy Doku,Belgium,LW,80,91.0,71.0,72.0,87.0,32.0,68.0,Belgium
Arthur Theate,Belgium,CB,80,67.0,40.0,70.0,71.0,80.0,82.0,Belgium
Amadou Onana,Belgium,CDM,79,74.0,62.0,72.0,73.0,78.0,81.0,Belgium
Alexis Saelemaekers,Belgium,RM,79,80.0,67.0,75.0,81.0,66.0,63.0,Belgium
Zeno Debast,Belgium,CDM,78,70.0,56.0,76.0,74.0,77.0,76.0,Belgium
Senne Lammens,Belgium,GK,78,79.0,77.0,71.0,77.0,21.0,79.0,Belgium
Nicolas Raskin,Belgium,CDM,77,73.0,63.0,73.0,76.0,73.0,74.0,Belgium
Axel Witsel,Belgium,CB,77,31.0,63.0,76.0,74.0,79.0,66.0,Belgium
Thomas Meunier,Belgium,RB,76,63.0,74.0,72.0,71.0,75.0,81.0,Belgium
Timothy Castagne,Belgium,RB,76,68.0,57.0,70.0,72.0,74.0,71.0,Belgium
Brandon Mechele,Belgium,CB,76,49.0,40.0,55.0,56.0,80.0,78.0,Belgium
Wout Faes,Belgium,CB,73,52.0,39.0,54.0,60.0,73.0,75.0,Belgium
Joaquin Seys,Belgium,RB,72,81.0,35.0,67.0,69.0,67.0,66.0,Belgium
Nathan Ngoy,Belgium,CB,67,78.0,44.0,49.0,67.0,65.0,74.0,Belgium
Joško Gvardiol,Croatia,LB,84,78.0,71.0,75.0,78.0,84.0,82.0,Croatia
Mateo Kovačić,Croatia,CM,83,67.0,74.0,81.0,83.0,73.0,72.0,Croatia
Luka Modrić,Croatia,CM,83,68.0,74.0,86.0,86.0,70.0,62.0,Croatia
Ante Budimir,Croatia,ST,82,59.0,84.0,63.0,76.0,35.0,80.0,Croatia
Ivan Perišić,Croatia,RW,81,75.0,80.0,81.0,79.0,69.0,75.0,Croatia
Marcelo Brozović,Croatia,CDM,81,63.0,73.0,78.0,79.0,78.0,80.0,Croatia
Andrej Kramarić,Croatia,CAM,81,67.0,82.0,78.0,84.0,33.0,73.0,Croatia
Mario Pašalić,Croatia,CM,80,69.0,78.0,77.0,81.0,67.0,76.0,Croatia
Dominik Livaković,Croatia,GK,80,80.0,76.0,71.0,83.0,56.0,80.0,Croatia
Nikola Vlašić,Croatia,CAM,79,74.0,76.0,76.0,81.0,57.0,70.0,Croatia
Luka Sučić,Croatia,CM,78,76.0,76.0,78.0,77.0,68.0,72.0,Croatia
Lovro Majer,Croatia,CM,78,70.0,73.0,80.0,83.0,60.0,70.0,Croatia
Martin Baturina,Croatia,CAM,78,77.0,70.0,78.0,83.0,59.0,66.0,Croatia
Josip Stanišić,Croatia,CB,78,73.0,44.0,65.0,69.0,79.0,74.0,Croatia
Josip Šutalo,Croatia,CB,78,77.0,32.0,62.0,72.0,78.0,80.0,Croatia
Dominik Kotarski,Croatia,GK,77,79.0,72.0,76.0,80.0,46.0,73.0,Croatia
Kristijan Jakić,Croatia,CDM,76,72.0,62.0,65.0,68.0,76.0,80.0,Croatia
Petar Musa,Croatia,ST,76,82.0,75.0,61.0,71.0,41.0,81.0,Croatia
Nikola Moro,Croatia,CDM,75,66.0,72.0,74.0,73.0,70.0,72.0,Croatia
Petar Sučić,Croatia,CM,74,69.0,68.0,72.0,77.0,61.0,74.0,Croatia
Duje Ćaleta-Car,Croatia,CB,74,58.0,39.0,55.0,59.0,74.0,76.0,Croatia
Marin Pongračić,Croatia,CB,74,61.0,26.0,52.0,62.0,74.0,76.0,Croatia
Ivor Pandur,Croatia,GK,72,72.0,70.0,64.0,77.0,39.0,69.0,Croatia
Luka Vušković,Croatia,CB,72,58.0,59.0,57.0,58.0,70.0,77.0,Croatia
Martin Erlić,Croatia,CB,72,56.0,35.0,46.0,53.0,73.0,72.0,Croatia
Igor Matanović,Croatia,ST,71,68.0,69.0,55.0,67.0,34.0,74.0,Croatia
Yann Sommer,Switzerland,GK,87,83.0,82.0,85.0,89.0,50.0,87.0,Switzerland
Gregor Kobel,Switzerland,GK,86,87.0,83.0,64.0,87.0,44.0,86.0,Switzerland
Granit Xhaka,Switzerland,CDM,85,47.0,75.0,85.0,74.0,78.0,82.0,Switzerland
Denis Zakaria,Switzerland,CDM,82,80.0,67.0,74.0,77.0,80.0,85.0,Switzerland
Manuel Akanji,Switzerland,CB,82,74.0,48.0,69.0,73.0,82.0,81.0,Switzerland
Remo Freuler,Switzerland,CDM,81,58.0,72.0,76.0,77.0,77.0,74.0,Switzerland
Dan Ndoye,Switzerland,LM,79,89.0,72.0,70.0,81.0,62.0,68.0,Switzerland
Ardon Jashari,Switzerland,CDM,77,75.0,67.0,75.0,73.0,72.0,82.0,Switzerland
Breel Embolo,Switzerland,ST,77,78.0,75.0,70.0,75.0,51.0,80.0,Switzerland
Nico Elvedi,Switzerland,CB,77,70.0,39.0,63.0,65.0,78.0,76.0,Switzerland
Djibril Sow,Switzerland,CM,76,78.0,69.0,73.0,76.0,74.0,78.0,Switzerland
Noah Okafor,Switzerland,ST,76,86.0,76.0,71.0,80.0,31.0,69.0,Switzerland
Miro Muheim,Switzerland,LB,75,73.0,66.0,73.0,73.0,71.0,73.0,Switzerland
Ruben Vargas,Switzerland,LM,75,84.0,70.0,69.0,78.0,54.0,64.0,Switzerland
Vincent Sierro,Switzerland,CM,75,57.0,67.0,76.0,72.0,70.0,74.0,Switzerland
Ulisses Garcia,Switzerland,LB,75,79.0,49.0,66.0,71.0,70.0,74.0,Switzerland
Zeki Amdouni,Switzerland,ST,75,71.0,76.0,69.0,76.0,46.0,70.0,Switzerland
Michel Aebischer,Switzerland,CM,74,66.0,67.0,72.0,75.0,74.0,70.0,Switzerland
Fabian Rieder,Switzerland,CAM,74,74.0,69.0,71.0,75.0,51.0,62.0,Switzerland
Silvan Widmer,Switzerland,RB,72,73.0,62.0,70.0,71.0,70.0,72.0,Switzerland
Lucas Blondel,Switzerland,RB,72,79.0,61.0,61.0,71.0,68.0,70.0,Switzerland
Marvin Keller,Switzerland,GK,72,73.0,70.0,70.0,74.0,38.0,73.0,Switzerland
Eray Cömert,Switzerland,CB,72,66.0,49.0,61.0,55.0,72.0,76.0,Switzerland
Stefan Gartenmann,Switzerland,CB,72,63.0,33.0,62.0,63.0,73.0,78.0,Switzerland
Isaac Schmidt,Switzerland,LB,71,86.0,54.0,59.0,74.0,66.0,66.0,Switzerland
Luca Jaquez,Switzerland,CB,69,64.0,42.0,52.0,62.0,68.0,71.0,Switzerland
Erling Haaland,Norway,ST,90,86.0,91.0,70.0,80.0,45.0,88.0,Norway
Martin Ødegaard,Norway,CM,87,68.0,79.0,88.0,87.0,67.0,65.0,Norway
Alexander Sørloth,Norway,ST,84,77.0,82.0,71.0,76.0,36.0,85.0,Norway
Fredrik Aursnes,Norway,CM,80,74.0,71.0,78.0,80.0,77.0,82.0,Norway
Julian Ryerson,Norway,RB,79,74.0,63.0,71.0,76.0,77.0,82.0,Norway
Sander Berge,Norway,CDM,79,55.0,65.0,74.0,71.0,75.0,84.0,Norway
Jørgen Strand Larsen,Norway,ST,78,75.0,79.0,62.0,70.0,32.0,83.0,Norway
Patrick Berg,Norway,CDM,77,73.0,67.0,75.0,73.0,71.0,78.0,Norway
Mohamed Elyounoussi,Norway,RM,76,76.0,72.0,71.0,78.0,59.0,73.0,Norway
Ørjan Nyland,Norway,GK,76,76.0,75.0,77.0,75.0,47.0,74.0,Norway
Antonio Nusa,Norway,LM,76,89.0,72.0,68.0,81.0,41.0,63.0,Norway
Kristian Thorstvedt,Norway,CM,75,61.0,71.0,74.0,73.0,67.0,82.0,Norway
Kristoffer Ajer,Norway,RB,75,67.0,56.0,65.0,68.0,74.0,81.0,Norway
Andreas Hanche-Olsen,Norway,CB,75,70.0,38.0,57.0,63.0,75.0,79.0,Norway
Felix Horn Myhre,Norway,CM,74,72.0,67.0,71.0,74.0,69.0,71.0,Norway
Fredrik Bjørkan,Norway,LB,74,81.0,53.0,65.0,72.0,68.0,75.0,Norway
Joshua King,Norway,ST,74,76.0,74.0,70.0,75.0,38.0,74.0,Norway
Jens Petter Hauge,Norway,LW,74,80.0,69.0,69.0,75.0,40.0,64.0,Norway
Andreas Schjelderup,Norway,LW,74,80.0,68.0,68.0,80.0,35.0,57.0,Norway
David Møller Wolfe,Norway,LB,73,78.0,53.0,65.0,69.0,67.0,77.0,Norway
Torbjørn L. Heggem,Norway,CB,73,73.0,46.0,61.0,66.0,73.0,79.0,Norway
Marcus Pedersen,Norway,RB,72,89.0,49.0,68.0,71.0,64.0,66.0,Norway
Morten Thorsby,Norway,CM,72,55.0,62.0,69.0,71.0,72.0,75.0,Norway
Oscar Bobb,Norway,RW,72,79.0,65.0,71.0,77.0,33.0,41.0,Norway
Egil Selvik,Norway,GK,70,70.0,69.0,66.0,70.0,19.0,69.0,Norway
Viljar Myhra,Norway,GK,67,69.0,66.0,63.0,69.0,40.0,66.0,Norway
Scott McTominay,Scotland,CM,85,76.0,82.0,77.0,80.0,80.0,85.0,Scotland
Andrew Robertson,Scotland,LB,82,74.0,61.0,80.0,77.0,79.0,75.0,Scotland
John McGinn,Scotland,LM,81,69.0,77.0,78.0,80.0,77.0,83.0,Scotland
Callum McGregor,Scotland,CDM,79,77.0,76.0,78.0,80.0,72.0,78.0,Scotland
Ryan Christie,Scotland,CDM,79,69.0,70.0,77.0,78.0,74.0,76.0,Scotland
Lewis Ferguson,Scotland,CM,78,72.0,78.0,74.0,78.0,72.0,75.0,Scotland
Ryan Gauld,Scotland,LW,78,83.0,68.0,77.0,82.0,51.0,54.0,Scotland
Kieran Tierney,Scotland,LB,77,76.0,60.0,75.0,76.0,75.0,73.0,Scotland
Ché Adams,Scotland,ST,77,82.0,80.0,64.0,77.0,43.0,72.0,Scotland
Scott McKenna,Scotland,CB,75,60.0,32.0,51.0,56.0,76.0,80.0,Scotland
Jack Hendry,Scotland,CB,74,73.0,56.0,63.0,64.0,71.0,82.0,Scotland
Billy Gilmour,Scotland,CM,74,60.0,58.0,74.0,76.0,69.0,58.0,Scotland
John Souttar,Scotland,CB,73,73.0,48.0,63.0,70.0,72.0,77.0,Scotland
Angus Gunn,Scotland,GK,72,73.0,71.0,70.0,74.0,48.0,70.0,Scotland
Kenny McLean,Scotland,CDM,72,58.0,67.0,68.0,71.0,66.0,73.0,Scotland
George Hirst,Scotland,ST,72,73.0,71.0,55.0,66.0,43.0,74.0,Scotland
Anthony Ralston,Scotland,RB,71,76.0,59.0,69.0,70.0,64.0,78.0,Scotland
Nathan Patterson,Scotland,RB,71,71.0,46.0,63.0,70.0,70.0,69.0,Scotland
Grant Hanley,Scotland,CB,71,52.0,30.0,47.0,49.0,71.0,78.0,Scotland
Ross McCrorie,Scotland,RB,70,77.0,53.0,61.0,67.0,67.0,84.0,Scotland
Andy Irving,Scotland,CM,70,54.0,71.0,71.0,71.0,63.0,71.0,Scotland
Tommy Conway,Scotland,ST,70,81.0,70.0,56.0,70.0,24.0,60.0,Scotland
Max Johnston,Scotland,RB,68,81.0,41.0,61.0,62.0,62.0,72.0,Scotland
Lyndon Dykes,Scotland,ST,68,66.0,67.0,52.0,64.0,29.0,82.0,Scotland
Liam Kelly,Scotland,GK,67,68.0,66.0,67.0,69.0,33.0,66.0,Scotland
Scott Bain,Scotland,GK,66,65.0,66.0,67.0,70.0,53.0,61.0,Scotland
Konrad Laimer,Austria,RB,82,82.0,69.0,76.0,75.0,81.0,76.0,Austria
David Alaba,Austria,CB,82,68.0,71.0,82.0,79.0,82.0,75.0,Austria
Karim Adeyemi,Germany,RM,81,96.0,76.0,72.0,82.0,36.0,69.0,Austria
Marcel Sabitzer,Austria,CDM,80,74.0,80.0,80.0,80.0,76.0,76.0,Austria
Xaver Schlager,Austria,CDM,80,69.0,70.0,74.0,78.0,75.0,78.0,Austria
Stefan Posch,Austria,RB,79,75.0,55.0,68.0,66.0,80.0,74.0,Austria
Kevin Danso,Austria,CB,79,73.0,32.0,57.0,62.0,78.0,83.0,Austria
Philipp Lienhart,Austria,CB,79,67.0,28.0,59.0,64.0,81.0,78.0,Austria
Romano Schmid,Austria,CAM,78,77.0,67.0,78.0,83.0,56.0,58.0,Austria
Nicolas Seiwald,Austria,CDM,77,72.0,62.0,74.0,74.0,74.0,76.0,Austria
Patrick Wimmer,Austria,CAM,77,84.0,69.0,72.0,81.0,49.0,73.0,Austria
Marco Friedl,Austria,CB,77,75.0,44.0,64.0,69.0,79.0,77.0,Austria
Christoph Baumgartner,Austria,CAM,77,74.0,72.0,72.0,79.0,47.0,63.0,Austria
Valentino Lazaro,Austria,RM,76,71.0,67.0,76.0,76.0,71.0,65.0,Austria
Phillipp Mwene,Austria,LB,76,78.0,55.0,69.0,75.0,70.0,70.0,Austria
Kevin Stöger,Austria,CAM,76,55.0,71.0,81.0,77.0,64.0,61.0,Austria
Florian Grillitsch,Austria,CM,75,63.0,59.0,74.0,74.0,72.0,66.0,Austria
Marco Grüll,Austria,LM,75,79.0,75.0,69.0,76.0,36.0,68.0,Austria
Maximilian Wöber,Austria,CB,75,64.0,52.0,67.0,64.0,75.0,76.0,Austria
David Affengruber,Austria,CB,75,73.0,41.0,56.0,69.0,75.0,83.0,Austria
Michael Gregoritsch,Austria,ST,75,37.0,77.0,68.0,68.0,42.0,76.0,Austria
Alexander Prass,Austria,LB,74,74.0,65.0,74.0,75.0,69.0,74.0,Austria
Alexander Schlager,Austria,GK,73,72.0,71.0,69.0,76.0,46.0,73.0,Austria
Patrick Pentz,Austria,GK,72,71.0,70.0,70.0,74.0,53.0,70.0,Austria
Tobias Lawal,Austria,GK,72,77.0,68.0,67.0,74.0,30.0,70.0,Austria
Alessandro Schöpf,Austria,CM,68,67.0,62.0,67.0,69.0,60.0,70.0,Austria
Edin Džeko,Bosnia and Herzegovina,ST,81,55.0,82.0,74.0,77.0,40.0,72.0,Bosnia&Herz
Ermedin Demirović,Bosnia and Herzegovina,ST,80,72.0,81.0,73.0,78.0,42.0,78.0,Bosnia&Herz
Sead Kolašinac,Bosnia and Herzegovina,CB,79,61.0,63.0,68.0,69.0,79.0,82.0,Bosnia&Herz
Nikola Vasilj,Bosnia and Herzegovina,GK,77,77.0,72.0,65.0,79.0,34.0,77.0,Bosnia&Herz
Anel Ahmedhodžić,Bosnia and Herzegovina,CB,74,72.0,41.0,59.0,61.0,74.0,78.0,Bosnia&Herz
Amar Dedić,Bosnia and Herzegovina,RB,73,83.0,58.0,68.0,74.0,66.0,74.0,Bosnia&Herz
Amir Hadžiahmetović,Bosnia and Herzegovina,CDM,73,65.0,60.0,73.0,72.0,70.0,73.0,Bosnia&Herz
Haris Tabaković,Bosnia and Herzegovina,ST,73,60.0,73.0,52.0,65.0,29.0,80.0,Bosnia&Herz
Armin Gigović,Bosnia and Herzegovina,CM,72,65.0,61.0,70.0,74.0,60.0,74.0,Bosnia&Herz
Denis Huseinbašić,Bosnia and Herzegovina,CM,72,67.0,62.0,65.0,73.0,64.0,71.0,Bosnia&Herz
Amar Memić,Bosnia and Herzegovina,RM,72,81.0,69.0,68.0,73.0,48.0,61.0,Bosnia&Herz
Adrian Barišić,Bosnia and Herzegovina,CB,72,56.0,27.0,45.0,41.0,74.0,77.0,Bosnia&Herz
Milan Đurić,Bosnia and Herzegovina,ST,71,33.0,71.0,55.0,61.0,32.0,82.0,Bosnia&Herz
Vladan Kovacević,Bosnia and Herzegovina,GK,70,73.0,70.0,69.0,69.0,37.0,71.0,Bosnia&Herz
Asmir Begović,Bosnia and Herzegovina,GK,70,70.0,70.0,65.0,67.0,26.0,73.0,Bosnia&Herz
Tarik Muharemović,Bosnia and Herzegovina,CB,70,59.0,23.0,47.0,56.0,73.0,67.0,Bosnia&Herz
Samed Baždar,Bosnia and Herzegovina,ST,69,70.0,66.0,70.0,74.0,40.0,63.0,Bosnia&Herz
Luka Kulenović,Bosnia and Herzegovina,ST,69,62.0,68.0,45.0,63.0,26.0,72.0,Bosnia&Herz
Nikola Katić,Bosnia and Herzegovina,CB,69,51.0,35.0,45.0,53.0,68.0,79.0,Bosnia&Herz
Dženis Burnić,Bosnia and Herzegovina,CM,68,76.0,58.0,66.0,71.0,62.0,67.0,Bosnia&Herz
Esmir Bajraktarević,Bosnia and Herzegovina,RW,67,77.0,54.0,65.0,76.0,40.0,59.0,Bosnia&Herz
Benjamin Tahirović,Bosnia and Herzegovina,CDM,67,51.0,50.0,62.0,66.0,62.0,71.0,Bosnia&Herz
Nihad Mujakić,Bosnia and Herzegovina,CB,67,70.0,28.0,42.0,47.0,66.0,77.0,Bosnia&Herz
Jovo Lukić,Bosnia and Herzegovina,ST,64,61.0,64.0,47.0,59.0,27.0,69.0,Bosnia&Herz
Nidal Čelik,Bosnia and Herzegovina,CB,64,60.0,35.0,49.0,50.0,62.0,71.0,Bosnia&Herz
Kerim Alajbegović,Bosnia and Herzegovina,LM,61,70.0,58.0,55.0,64.0,36.0,53.0,Bosnia&Herz
Viktor Gyökeres,Sweden,ST,87,90.0,86.0,73.0,81.0,36.0,91.0,Sweden
Anthony Elanga,Sweden,RW,81,92.0,72.0,76.0,82.0,39.0,70.0,Sweden
Hugo Larsson,Sweden,CM,78,77.0,73.0,71.0,78.0,71.0,77.0,Sweden
Carl Starfelt,Sweden,CB,78,74.0,31.0,56.0,68.0,78.0,78.0,Sweden
Isak Hien,Sweden,CB,78,69.0,37.0,49.0,58.0,79.0,82.0,Sweden
Gabriel Gudmundsson,Sweden,LB,77,87.0,64.0,71.0,75.0,70.0,75.0,Sweden
Lucas Bergvall,Sweden,CM,77,75.0,63.0,76.0,77.0,71.0,73.0,Sweden
Daniel Svensson,Sweden,LB,77,77.0,56.0,75.0,76.0,73.0,74.0,Sweden
Mattias Svanberg,Sweden,CM,76,73.0,70.0,74.0,76.0,66.0,73.0,Sweden
Yasin Ayari,Sweden,CM,75,69.0,70.0,73.0,77.0,69.0,62.0,Sweden
Jesper Karlström,Sweden,CDM,75,64.0,57.0,72.0,71.0,71.0,78.0,Sweden
Gustaf Nilsson,Sweden,ST,75,71.0,75.0,58.0,64.0,32.0,80.0,Sweden
Williot Swedberg,Sweden,LW,74,74.0,69.0,71.0,76.0,61.0,62.0,Sweden
Samuel Dahl,Sweden,LB,73,83.0,51.0,68.0,75.0,65.0,69.0,Sweden
Emil Krafth,Sweden,CB,73,53.0,59.0,69.0,70.0,74.0,67.0,Sweden
Benjamin Nygren,Sweden,CM,72,71.0,73.0,71.0,72.0,60.0,71.0,Sweden
Kristoffer Nordfeldt,Sweden,GK,72,70.0,69.0,72.0,70.0,50.0,71.0,Sweden
Besfort Zeneli,Sweden,CM,72,71.0,65.0,68.0,70.0,56.0,67.0,Sweden
Elliot Stroud,Sweden,LB,71,79.0,65.0,64.0,67.0,65.0,73.0,Sweden
Herman Johansson,Sweden,RB,70,83.0,54.0,60.0,64.0,63.0,75.0,Sweden
Noel Törnqvist,Sweden,GK,70,69.0,70.0,67.0,68.0,46.0,69.0,Sweden
Gustaf Lagerbielke,Sweden,CB,70,50.0,32.0,57.0,58.0,70.0,74.0,Sweden
Gustav Lundgren,Sweden,RW,69,76.0,67.0,70.0,67.0,33.0,75.0,Sweden
Roony Bardghji,Sweden,RM,69,73.0,68.0,63.0,74.0,25.0,53.0,Sweden
Taha Ali,Sweden,LM,68,86.0,60.0,58.0,75.0,35.0,50.0,Sweden
Melker Ellborg,Sweden,GK,62,61.0,62.0,58.0,62.0,41.0,63.0,Sweden
Hakan Çalhanoğlu,Turkey,CDM,86,71.0,81.0,87.0,82.0,81.0,73.0,Turkey
Orkun Kökçü,Turkey,CM,82,72.0,80.0,84.0,80.0,70.0,79.0,Turkey
Arda Güler,Turkey,RM,81,70.0,77.0,83.0,83.0,52.0,50.0,Turkey
Uğurcan Çakır,Turkey,GK,80,81.0,76.0,74.0,79.0,54.0,80.0,Turkey
Kerem Aktürkoğlu,Turkey,LW,80,85.0,75.0,74.0,81.0,41.0,58.0,Turkey
Abdülkerim Bardakcı,Turkey,CB,80,59.0,46.0,70.0,69.0,81.0,85.0,Turkey
Ferdi Kadıoğlu,Turkey,RB,79,82.0,68.0,74.0,80.0,76.0,67.0,Turkey
Kenan Yıldız,Turkey,CAM,79,84.0,78.0,74.0,83.0,35.0,66.0,Turkey
Mert Günok,Turkey,GK,78,76.0,76.0,79.0,78.0,56.0,77.0,Turkey
İrfan Can Kahveci,Turkey,RW,78,73.0,77.0,81.0,80.0,58.0,67.0,Turkey
Yunus Akgün,Turkey,RM,78,87.0,78.0,74.0,81.0,40.0,61.0,Turkey
Merih Demiral,Turkey,CB,78,73.0,39.0,49.0,61.0,79.0,81.0,Turkey
Oğuz Aydın,Turkey,LW,77,85.0,72.0,71.0,78.0,56.0,67.0,Turkey
İsmail Yüksek,Turkey,CDM,77,74.0,59.0,70.0,73.0,74.0,78.0,Turkey
Zeki Çelik,Turkey,RB,76,72.0,59.0,69.0,73.0,73.0,74.0,Turkey
Atakan Karazor,Turkey,CDM,76,45.0,36.0,63.0,68.0,77.0,74.0,Turkey
Eren Elmalı,Turkey,LB,75,83.0,52.0,72.0,72.0,69.0,77.0,Turkey
Salih Özcan,Turkey,CDM,75,70.0,59.0,68.0,73.0,75.0,79.0,Turkey
Altay Bayındır,Turkey,GK,75,77.0,72.0,70.0,77.0,30.0,75.0,Turkey
Ozan Kabak,Turkey,CB,75,60.0,37.0,59.0,66.0,74.0,79.0,Turkey
Mert Müldür,Turkey,RB,74,76.0,54.0,65.0,73.0,71.0,75.0,Turkey
Aral Şimşir,Turkey,LW,73,80.0,64.0,72.0,75.0,36.0,66.0,Turkey
Mustafa Eskihellaç,Turkey,LB,71,86.0,58.0,64.0,72.0,66.0,64.0,Turkey
Semih Kılıçsoy,Turkey,ST,70,77.0,70.0,63.0,72.0,31.0,71.0,Turkey
Samet Akaydın,Turkey,CB,70,55.0,37.0,43.0,48.0,70.0,76.0,Turkey
Deniz Gül,Turkey,ST,66,69.0,64.0,58.0,67.0,28.0,66.0,Turkey
Patrik Schick,Czech Republic,ST,85,72.0,83.0,71.0,81.0,38.0,77.0,Czech Republic
Lukáš Provod,Czech Republic,CAM,78,76.0,75.0,78.0,78.0,64.0,82.0,Czech Republic
Ladislav Krejčí,Czech Republic,CB,78,72.0,68.0,68.0,69.0,76.0,84.0,Czech Republic
Tomáš Souček,Czech Republic,CDM,78,45.0,72.0,71.0,68.0,78.0,82.0,Czech Republic
Adam Hložek,Czech Republic,ST,77,78.0,78.0,72.0,77.0,31.0,79.0,Czech Republic
Václav Černý,Czech Republic,RM,77,85.0,72.0,69.0,77.0,39.0,64.0,Czech Republic
Pavel Šulc,Czech Republic,CAM,77,71.0,73.0,74.0,77.0,39.0,64.0,Czech Republic
Tomáš Holeš,Czech Republic,CB,76,74.0,58.0,69.0,69.0,75.0,80.0,Czech Republic
Michal Sadílek,Czech Republic,CDM,76,53.0,58.0,75.0,71.0,72.0,79.0,Czech Republic
Pavel Bucha,Czech Republic,CM,75,71.0,70.0,74.0,76.0,69.0,71.0,Czech Republic
Matěj Kovář,Czech Republic,GK,75,74.0,75.0,78.0,75.0,30.0,77.0,Czech Republic
Martin Jedlička,Czech Republic,GK,75,74.0,76.0,70.0,77.0,35.0,73.0,Czech Republic
Tomáš Chorý,Czech Republic,ST,75,57.0,75.0,60.0,64.0,32.0,88.0,Czech Republic
Lukáš Červ,Czech Republic,CDM,74,69.0,65.0,67.0,69.0,71.0,78.0,Czech Republic
Martin Vitík,Czech Republic,CB,74,73.0,39.0,56.0,62.0,74.0,75.0,Czech Republic
Mojmír Chytil,Czech Republic,ST,74,73.0,72.0,55.0,68.0,29.0,81.0,Czech Republic
David Jurásek,Czech Republic,LB,73,83.0,61.0,68.0,72.0,67.0,74.0,Czech Republic
Vladimír Coufal,Czech Republic,RB,73,58.0,56.0,70.0,70.0,74.0,71.0,Czech Republic
Jan Kuchta,Czech Republic,ST,73,77.0,71.0,64.0,71.0,34.0,80.0,Czech Republic
Jaroslav Zelený,Czech Republic,CB,72,74.0,62.0,69.0,70.0,71.0,75.0,Czech Republic
Tomáš Ladra,Czech Republic,CAM,72,74.0,69.0,71.0,73.0,45.0,64.0,Czech Republic
Lukas Hornicek,Czech Republic,GK,72,72.0,67.0,69.0,75.0,28.0,75.0,Czech Republic
Adam Karabec,Czech Republic,CAM,71,73.0,65.0,69.0,74.0,34.0,64.0,Czech Republic
Robin Hranáč,Czech Republic,CB,71,75.0,38.0,51.0,52.0,70.0,76.0,Czech Republic
Štěpán Chaloupek,Czech Republic,CB,70,69.0,34.0,52.0,57.0,68.0,76.0,Czech Republic
Denis Višinský,Czech Republic,LW,68,76.0,61.0,65.0,69.0,47.0,59.0,Czech Republic
Kaoru Mitoma,Japan,LM,82,87.0,73.0,76.0,86.0,57.0,64.0,Japan
Ritsu Doan,Japan,RM,82,82.0,71.0,78.0,85.0,41.0,64.0,Japan
Daizen Maeda,Japan,LW,79,92.0,79.0,70.0,76.0,65.0,79.0,Japan
Kaishū Sano,Japan,CDM,79,79.0,51.0,67.0,76.0,78.0,75.0,Japan
Wataru Endo,Japan,CDM,79,58.0,68.0,71.0,77.0,79.0,73.0,Japan
Hiroki Ito,Japan,CB,78,74.0,57.0,71.0,72.0,80.0,72.0,Japan
Junya Ito,Japan,RM,77,86.0,69.0,72.0,78.0,58.0,70.0,Japan
Daichi Kamada,Japan,CM,77,71.0,72.0,77.0,78.0,64.0,66.0,Japan
Ko Itakura,Japan,CB,77,75.0,59.0,61.0,74.0,77.0,76.0,Japan
Ao Tanaka,Japan,CDM,76,70.0,68.0,72.0,77.0,73.0,71.0,Japan
Keito Nakamura,Japan,LM,76,79.0,74.0,71.0,77.0,41.0,74.0,Japan
Koki Machida,Japan,CB,76,78.0,40.0,60.0,56.0,75.0,82.0,Japan
Shuto Machino,Japan,ST,75,83.0,75.0,68.0,76.0,39.0,76.0,Japan
Tsuyoshi Watanabe,Japan,CB,75,76.0,39.0,52.0,59.0,76.0,78.0,Japan
Zion Suzuki,Japan,GK,74,73.0,72.0,71.0,76.0,56.0,73.0,Japan
Yukinari Sugawara,Japan,RB,74,75.0,54.0,73.0,72.0,69.0,70.0,Japan
Ayase Ueda,Japan,ST,74,74.0,75.0,58.0,69.0,28.0,69.0,Japan
Yohei Takaoka,Japan,GK,72,73.0,71.0,67.0,71.0,38.0,70.0,Japan
Yuito Suzuki,Japan,CAM,71,83.0,68.0,65.0,74.0,48.0,57.0,Japan
Daiki Hashioka,Japan,RB,70,70.0,59.0,65.0,68.0,65.0,76.0,Japan
Kodai Sano,Japan,CM,70,67.0,62.0,69.0,73.0,60.0,64.0,Japan
Takuma Ominami,Japan,CB,70,87.0,29.0,48.0,59.0,68.0,78.0,Japan
Joel Chima Fujita,Japan,CM,69,67.0,59.0,66.0,68.0,63.0,70.0,Japan
Shogo Taniguchi,Japan,CB,69,58.0,45.0,59.0,57.0,70.0,72.0,Japan
Ayumu Seko,Japan,CB,68,64.0,36.0,54.0,58.0,68.0,74.0,Japan
Koki Ogawa,Japan,ST,68,51.0,69.0,57.0,65.0,29.0,67.0,Japan
Heung Min Son,South Korea,LW,85,84.0,84.0,81.0,83.0,42.0,73.0,Korea Republic
Kim Min Jae,South Korea,CB,82,73.0,33.0,58.0,63.0,83.0,84.0,Korea Republic
Lee Kang In,South Korea,RW,79,72.0,75.0,80.0,82.0,50.0,64.0,Korea Republic
Lee Jae Sung,South Korea,CAM,77,72.0,71.0,72.0,81.0,63.0,66.0,Korea Republic
Hwang In Beom,South Korea,CM,77,62.0,70.0,76.0,77.0,63.0,65.0,Korea Republic
Jo Hyeon Woo,South Korea,GK,75,79.0,72.0,62.0,77.0,51.0,73.0,Korea Republic
Hwang Hee Chan,South Korea,ST,75,81.0,75.0,70.0,75.0,39.0,68.0,Korea Republic
Song Bum Keun,South Korea,GK,74,76.0,69.0,67.0,76.0,25.0,72.0,Korea Republic
Hong Hyeon Seok,South Korea,CAM,73,72.0,70.0,72.0,76.0,66.0,65.0,Korea Republic
Jeong Woo Yeong,South Korea,CAM,73,76.0,62.0,68.0,78.0,36.0,60.0,Korea Republic
Paik Seung Ho,South Korea,CDM,72,67.0,67.0,70.0,73.0,66.0,75.0,Korea Republic
Park Jin Seob,South Korea,CB,71,70.0,54.0,60.0,62.0,69.0,84.0,Korea Republic
Yang Hyun Jun,South Korea,RW,71,82.0,64.0,69.0,74.0,39.0,69.0,Korea Republic
Oh Hyeon Gyu,South Korea,ST,71,78.0,71.0,54.0,67.0,43.0,80.0,Korea Republic
Eom Ji Sung,South Korea,LM,71,85.0,64.0,63.0,73.0,36.0,65.0,Korea Republic
Bae Jun Ho,South Korea,LM,71,74.0,61.0,69.0,73.0,36.0,55.0,Korea Republic
Jens Castrop,South Korea,CM,70,80.0,54.0,67.0,74.0,62.0,69.0,Korea Republic
Cho Gue Sung,South Korea,ST,70,75.0,69.0,52.0,66.0,30.0,77.0,Korea Republic
Yang Min Hyeok,South Korea,RM,70,80.0,67.0,62.0,73.0,31.0,53.0,Korea Republic
Kim Moon Hwan,South Korea,RB,69,83.0,53.0,60.0,69.0,62.0,68.0,Korea Republic
Kim Jin Su,South Korea,LB,69,77.0,45.0,62.0,64.0,63.0,74.0,Korea Republic
Moon Seon Min,South Korea,LM,69,90.0,69.0,55.0,71.0,37.0,61.0,Korea Republic
Lee Tae Seok,South Korea,LB,69,79.0,40.0,60.0,68.0,62.0,71.0,Korea Republic
Lee Han Beom,South Korea,CB,69,55.0,29.0,51.0,58.0,69.0,71.0,Korea Republic
Kwon Hyeok Kyu,South Korea,CDM,67,68.0,53.0,62.0,61.0,62.0,79.0,Korea Republic
Kim Min Jae,South Korea,CDM,48,65.0,37.0,45.0,44.0,44.0,52.0,Korea Republic
Mehdi Taremi,IR Iran,ST,78,74.0,78.0,74.0,78.0,38.0,68.0,Iran
Allahyar Sayyadmanesh,IR Iran,LM,74,87.0,70.0,65.0,74.0,47.0,78.0,Iran
Ali Gholizadeh,IR Iran,RM,71,71.0,67.0,69.0,72.0,46.0,65.0,Iran
Amir Abedzadeh,IR Iran,GK,68,69.0,65.0,63.0,68.0,28.0,68.0,Iran
Majid Hosseini,IR Iran,CB,68,56.0,30.0,46.0,50.0,69.0,75.0,Iran
Ali Karimi,IR Iran,CDM,67,55.0,60.0,64.0,66.0,65.0,71.0,Iran
Alireza Beiranvand,IR Iran,GK,57,57.0,57.0,57.0,57.0,57.0,57.0,Iran
Payam Niazmand,IR Iran,GK,57,57.0,57.0,57.0,57.0,57.0,57.0,Iran
Shoja Khalilzadeh,IR Iran,CB,57,57.0,57.0,57.0,57.0,57.0,57.0,Iran
Ali Nemati,IR Iran,CB,57,57.0,57.0,57.0,57.0,57.0,57.0,Iran
Aria Yousefi,IR Iran,CB,57,57.0,57.0,57.0,57.0,57.0,57.0,Iran
M. Zare Mohazabieh,IR Iran,CB,57,57.0,57.0,57.0,57.0,57.0,57.0,Iran
Mohammad Amin Hazbavi,IR Iran,CB,57,57.0,57.0,57.0,57.0,57.0,57.0,Iran
Omid Noorafkan,IR Iran,LB,57,57.0,57.0,57.0,57.0,57.0,57.0,Iran
Ramin Rezaeian,IR Iran,RB,57,57.0,57.0,57.0,57.0,57.0,57.0,Iran
Saeid Ezatolahi,IR Iran,CM,57,57.0,57.0,57.0,57.0,57.0,57.0,Iran
Alireza Jahanbakhsh,IR Iran,LM,57,57.0,57.0,57.0,57.0,57.0,57.0,Iran
Mohammad Mohebi,IR Iran,CM,57,57.0,57.0,57.0,57.0,57.0,57.0,Iran
Saman Ghoddos,IR Iran,CM,57,57.0,57.0,57.0,57.0,57.0,57.0,Iran
Mohammad Ghorbani,IR Iran,CM,57,57.0,57.0,57.0,57.0,57.0,57.0,Iran
Mohammad Hosseininejad,IR Iran,CM,57,57.0,57.0,57.0,57.0,57.0,57.0,Iran
Danial Esmaeilifar,IR Iran,CM,57,57.0,57.0,57.0,57.0,57.0,57.0,Iran
Mohammad Khodabandehloo,IR Iran,CM,57,57.0,57.0,57.0,57.0,57.0,57.0,Iran
Amirhossein Hosseininejad,IR Iran,ST,57,57.0,57.0,57.0,57.0,57.0,57.0,Iran
Ali Alipour,IR Iran,ST,57,57.0,57.0,57.0,57.0,57.0,57.0,Iran
K. Taheri,IR Iran,ST,57,57.0,57.0,57.0,57.0,57.0,57.0,Iran
Abdukodir Khusanov,Uzbekistan,CB,77,85.0,39.0,59.0,64.0,77.0,76.0,Uzbekistan
Eldor Shomurodov,Uzbekistan,ST,74,79.0,71.0,64.0,75.0,40.0,66.0,Uzbekistan
Khusniddin Alikulov,Uzbekistan,CB,68,63.0,33.0,48.0,49.0,69.0,69.0,Uzbekistan
Mukhammadali Urinboev,Uzbekistan,RW,63,60.0,68.0,62.0,66.0,31.0,52.0,Uzbekistan
Abdulvohid Nematov,Uzbekistan,GK,57,57.0,57.0,57.0,57.0,57.0,57.0,Uzbekistan
Utkir Yusupov,Uzbekistan,GK,57,57.0,57.0,57.0,57.0,57.0,57.0,Uzbekistan
Bunyodbek Ergashev,Uzbekistan,GK,57,57.0,57.0,57.0,57.0,57.0,57.0,Uzbekistan
K. Alidzhanov,Uzbekistan,CB,57,57.0,57.0,57.0,57.0,57.0,57.0,Uzbekistan
Farrukh Sayfiev,Uzbekistan,CB,57,57.0,57.0,57.0,57.0,57.0,57.0,Uzbekistan
Rustamjon Ashurmatov,Uzbekistan,CB,57,57.0,57.0,57.0,57.0,57.0,57.0,Uzbekistan
Jurab Jaloliddinov,Uzbekistan,CB,57,57.0,57.0,57.0,57.0,57.0,57.0,Uzbekistan
S. Nasrulloev,Uzbekistan,CB,57,57.0,57.0,57.0,57.0,57.0,57.0,Uzbekistan
Oybek Ashmorodov,Uzbekistan,LB,57,57.0,57.0,57.0,57.0,57.0,57.0,Uzbekistan
Abdulloh Abdulloyev,Uzbekistan,RB,57,57.0,57.0,57.0,57.0,57.0,57.0,Uzbekistan
Zafarmurod Abdurakhmatov,Uzbekistan,CB,57,57.0,57.0,57.0,57.0,57.0,57.0,Uzbekistan
I. Tuhtahujaev,Uzbekistan,CM,57,57.0,57.0,57.0,57.0,57.0,57.0,Uzbekistan
Ibrohimhalil Yuldoshev,Uzbekistan,RB,57,57.0,57.0,57.0,57.0,57.0,57.0,Uzbekistan
Azizbek Jangiev,Uzbekistan,CM,57,57.0,57.0,57.0,57.0,57.0,57.0,Uzbekistan
Akmal Mirzayev,Uzbekistan,CM,57,57.0,57.0,57.0,57.0,57.0,57.0,Uzbekistan
Khozhimat Erkinov,Uzbekistan,CM,57,57.0,57.0,57.0,57.0,57.0,57.0,Uzbekistan
A. Fayzullayev,Uzbekistan,CM,57,57.0,57.0,57.0,57.0,57.0,57.0,Uzbekistan
Otabek Shukurov,Uzbekistan,CM,57,57.0,57.0,57.0,57.0,57.0,57.0,Uzbekistan
Jamshid Iskandarov,Uzbekistan,CM,57,57.0,57.0,57.0,57.0,57.0,57.0,Uzbekistan
O. Khamrobekov,Uzbekistan,CM,57,57.0,57.0,57.0,57.0,57.0,57.0,Uzbekistan
Jaloliddin Masharipov,Uzbekistan,CAM,57,57.0,57.0,57.0,57.0,57.0,57.0,Uzbekistan
Abdurauf Buriev,Uzbekistan,CM,57,57.0,57.0,57.0,57.0,57.0,57.0,Uzbekistan
Musa Al Tamari,Jordan,RM,75,89.0,69.0,67.0,80.0,38.0,63.0,Jordan
Yazan Al Arab,Jordan,CB,75,79.0,29.0,46.0,52.0,73.0,83.0,Jordan
Yazeed Abu Laila,Jordan,GK,57,57.0,57.0,57.0,57.0,57.0,57.0,Jordan
M. Shalabiya,Jordan,GK,57,57.0,57.0,57.0,57.0,57.0,57.0,Jordan
Nour Bani Atiyeh,Jordan,GK,57,57.0,57.0,57.0,57.0,57.0,57.0,Jordan
M. Hasheesh,Jordan,RB,57,57.0,57.0,57.0,57.0,57.0,57.0,Jordan
A. Nasib,Jordan,CB,57,57.0,57.0,57.0,57.0,57.0,57.0,Jordan
Salim Obeid,Jordan,CB,57,57.0,57.0,57.0,57.0,57.0,57.0,Jordan
Hadi Al Hawrani,Jordan,CB,57,57.0,57.0,57.0,57.0,57.0,57.0,Jordan
Youssef Abu Jazar,Jordan,LB,57,57.0,57.0,57.0,57.0,57.0,57.0,Jordan
Mohammad Abu Al Nadi,Jordan,CB,57,57.0,57.0,57.0,57.0,57.0,57.0,Jordan
I. Smeeri,Jordan,CB,57,57.0,57.0,57.0,57.0,57.0,57.0,Jordan
A. Hajabi,Jordan,CB,57,57.0,57.0,57.0,57.0,57.0,57.0,Jordan
Nour Al Rawabdeh,Jordan,CM,57,57.0,57.0,57.0,57.0,57.0,57.0,Jordan
Mahmoud Mardawi,Jordan,CM,57,57.0,57.0,57.0,57.0,57.0,57.0,Jordan
I. Sami,Jordan,CM,57,57.0,57.0,57.0,57.0,57.0,57.0,Jordan
A. Al-Salman,Jordan,CM,57,57.0,57.0,57.0,57.0,57.0,57.0,Jordan
Mohannad Abu Taha,Jordan,CM,57,57.0,57.0,57.0,57.0,57.0,57.0,Jordan
Nizar Al Rashdan,Jordan,CM,57,57.0,57.0,57.0,57.0,57.0,57.0,Jordan
Adham Al Qurashi,Jordan,CM,57,57.0,57.0,57.0,57.0,57.0,57.0,Jordan
Amer Jaamous,Jordan,CM,57,57.0,57.0,57.0,57.0,57.0,57.0,Jordan
Mohammad Abu Zreiq,Jordan,ST,57,57.0,57.0,57.0,57.0,57.0,57.0,Jordan
Ali Olwan,Jordan,ST,57,57.0,57.0,57.0,57.0,57.0,57.0,Jordan
Ibrahim Sabra,Jordan,ST,57,57.0,57.0,57.0,57.0,57.0,57.0,Jordan
Saad Al Rousan,Jordan,RB,57,57.0,57.0,57.0,57.0,57.0,57.0,Jordan
Rizq Bani Hani,Jordan,ST,57,57.0,57.0,57.0,57.0,57.0,57.0,Jordan
Salem Al Dawsari,Saudi Arabia,LM,82,87.0,75.0,75.0,84.0,57.0,81.0,Saudi Arabia
Musab Al Juwair,Saudi Arabia,CM,75,68.0,67.0,79.0,74.0,56.0,70.0,Saudi Arabia
Saud Abdulhamid,Saudi Arabia,RB,75,86.0,46.0,66.0,71.0,69.0,70.0,Saudi Arabia
Firas Al Birekan,Saudi Arabia,LM,75,78.0,72.0,62.0,74.0,37.0,73.0,Saudi Arabia
Mohammed Kanno,Saudi Arabia,CM,72,72.0,69.0,70.0,71.0,69.0,76.0,Saudi Arabia
Sultan Al Ghannam,Saudi Arabia,RB,72,82.0,60.0,72.0,74.0,63.0,70.0,Saudi Arabia
Nawaf Al Aqidi,Saudi Arabia,GK,72,75.0,69.0,67.0,74.0,47.0,66.0,Saudi Arabia
Hassan Tombakti,Saudi Arabia,CB,72,83.0,35.0,57.0,64.0,73.0,74.0,Saudi Arabia
Hassan Kadish,Saudi Arabia,LB,71,75.0,49.0,62.0,63.0,67.0,79.0,Saudi Arabia
Mohammed Al Buraik,Saudi Arabia,LB,70,71.0,56.0,73.0,69.0,63.0,66.0,Saudi Arabia
Ali Lajami,Saudi Arabia,CB,70,76.0,48.0,58.0,60.0,68.0,77.0,Saudi Arabia
Ali Majrashi,Saudi Arabia,RB,70,86.0,44.0,52.0,64.0,63.0,74.0,Saudi Arabia
Abdulelah Al Amri,Saudi Arabia,CB,70,69.0,29.0,51.0,47.0,68.0,81.0,Saudi Arabia
Ali Al Bulayhi,Saudi Arabia,CB,70,41.0,42.0,43.0,42.0,69.0,82.0,Saudi Arabia
Salman Al Faraj,Saudi Arabia,CM,69,38.0,63.0,77.0,71.0,62.0,58.0,Saudi Arabia
Saleh Al Shehri,Saudi Arabia,ST,69,66.0,67.0,51.0,64.0,28.0,72.0,Saudi Arabia
Abdullah Al Khaibari,Saudi Arabia,CDM,68,73.0,43.0,63.0,66.0,64.0,72.0,Saudi Arabia
Turki Al Ammar,Saudi Arabia,LB,67,73.0,57.0,63.0,69.0,62.0,63.0,Saudi Arabia
Ziyad Al Johani,Saudi Arabia,CDM,67,67.0,52.0,64.0,66.0,63.0,61.0,Saudi Arabia
Nawaf Boushal,Saudi Arabia,LB,67,82.0,39.0,51.0,64.0,62.0,73.0,Saudi Arabia
Sultan Mandash,Saudi Arabia,RW,67,82.0,58.0,59.0,71.0,25.0,61.0,Saudi Arabia
Abdullah Al Hamdan,Saudi Arabia,ST,64,73.0,62.0,63.0,61.0,41.0,69.0,Saudi Arabia
Marwan Al Sahafi,Saudi Arabia,ST,63,87.0,62.0,53.0,68.0,46.0,59.0,Saudi Arabia
Ahmed Al Kassar,Saudi Arabia,GK,63,62.0,63.0,55.0,65.0,40.0,62.0,Saudi Arabia
Rayan Hamed,Saudi Arabia,CB,59,62.0,27.0,48.0,50.0,59.0,63.0,Saudi Arabia
Naif Masoud,Saudi Arabia,CDM,58,57.0,32.0,52.0,49.0,58.0,57.0,Saudi Arabia
Salah Zakaria,Qatar,GK,57,57.0,57.0,57.0,57.0,57.0,57.0,Qatar
Shehab Al Lithi,Qatar,GK,57,57.0,57.0,57.0,57.0,57.0,57.0,Qatar
Meshaal Barsham,Qatar,GK,57,57.0,57.0,57.0,57.0,57.0,57.0,Qatar
Pedro Miguel,Qatar,LB,57,57.0,57.0,57.0,57.0,57.0,57.0,Qatar
Lucas,Qatar,CB,57,57.0,57.0,57.0,57.0,57.0,57.0,Qatar
Bassam Al Rawi,Qatar,CB,57,57.0,57.0,57.0,57.0,57.0,57.0,Qatar
Tariq Salman,Qatar,CB,57,57.0,57.0,57.0,57.0,57.0,57.0,Qatar
Hamam Al Amin,Qatar,CB,57,57.0,57.0,57.0,57.0,57.0,57.0,Qatar
Boualem Khoukhi,Qatar,CB,57,57.0,57.0,57.0,57.0,57.0,57.0,Qatar
Sultan Al Braik,Qatar,RB,57,57.0,57.0,57.0,57.0,57.0,57.0,Qatar
Ahmed Hamawiyandi,Qatar,CB,57,57.0,57.0,57.0,57.0,57.0,57.0,Qatar
Jasim Jaber,Qatar,CB,57,57.0,57.0,57.0,57.0,57.0,57.0,Qatar
Mohammed Waad,Qatar,CM,57,57.0,57.0,57.0,57.0,57.0,57.0,Qatar
Abdullah Abdulaziz,Qatar,CM,57,57.0,57.0,57.0,57.0,57.0,57.0,Qatar
Mohammed Muntari,Qatar,CM,57,57.0,57.0,57.0,57.0,57.0,57.0,Qatar
Boudaoui Karim,Qatar,CM,57,57.0,57.0,57.0,57.0,57.0,57.0,Qatar
Assim Madibo,Qatar,CDM,57,57.0,57.0,57.0,57.0,57.0,57.0,Qatar
Ahmed Al Rawi,Qatar,CM,57,57.0,57.0,57.0,57.0,57.0,57.0,Qatar
Guilherme,Qatar,CM,57,57.0,57.0,57.0,57.0,57.0,57.0,Qatar
Akram Afif,Qatar,LW,57,57.0,57.0,57.0,57.0,57.0,57.0,Qatar
Almoez Ali,Qatar,ST,57,57.0,57.0,57.0,57.0,57.0,57.0,Qatar
Hassan Al Haydos,Qatar,CAM,57,57.0,57.0,57.0,57.0,57.0,57.0,Qatar
Ahmed Alaaeldin,Qatar,ST,57,57.0,57.0,57.0,57.0,57.0,57.0,Qatar
Ahmed Al Janahi,Qatar,ST,57,57.0,57.0,57.0,57.0,57.0,57.0,Qatar
Ismail Mohammed,Qatar,ST,57,57.0,57.0,57.0,57.0,57.0,57.0,Qatar
Edmilson Junior,Qatar,ST,57,57.0,57.0,57.0,57.0,57.0,57.0,Qatar
Ali Adnan,Iraq,LB,72,74.0,66.0,68.0,70.0,69.0,80.0,Iraq
Ibrahim Bayesh,Iraq,LM,68,79.0,67.0,60.0,69.0,58.0,75.0,Iraq
Mohanad Jeahze,Iraq,LB,68,80.0,53.0,65.0,68.0,60.0,69.0,Iraq
Merchas Doski,Iraq,LB,68,75.0,54.0,65.0,71.0,62.0,62.0,Iraq
Zidane Iqbal,Iraq,CDM,68,64.0,60.0,64.0,73.0,63.0,62.0,Iraq
Aimar Sher,Iraq,CDM,67,62.0,47.0,61.0,69.0,61.0,66.0,Iraq
Kevin Yakob,Iraq,CM,66,66.0,61.0,66.0,68.0,59.0,64.0,Iraq
Marko Farji,Iraq,LW,66,81.0,60.0,60.0,66.0,32.0,65.0,Iraq
Montader Madjed,Iraq,RM,66,75.0,65.0,63.0,70.0,25.0,50.0,Iraq
Ali Al Hamadi,Iraq,ST,66,79.0,63.0,47.0,64.0,18.0,73.0,Iraq
Amir Al-Ammari,Iraq,CM,65,68.0,57.0,66.0,63.0,60.0,70.0,Iraq
Danilo Al Saed,Iraq,LM,65,82.0,61.0,55.0,68.0,26.0,54.0,Iraq
Ali Jasim,Iraq,LM,62,67.0,62.0,57.0,63.0,22.0,59.0,Iraq
Mohamed Al-Taay,Iraq,CDM,61,73.0,51.0,54.0,61.0,57.0,66.0,Iraq
Amin Al-Hamawi,Iraq,ST,60,69.0,59.0,46.0,60.0,22.0,58.0,Iraq
Fahad Talib,Iraq,GK,57,57.0,57.0,57.0,57.0,57.0,57.0,Iraq
K. Al-Rekabe,Iraq,GK,57,57.0,57.0,57.0,57.0,57.0,57.0,Iraq
Ahmed Basel,Iraq,GK,57,57.0,57.0,57.0,57.0,57.0,57.0,Iraq
Rebin Sulaka,Iraq,RB,57,57.0,57.0,57.0,57.0,57.0,57.0,Iraq
Hussein Ali,Iraq,CB,57,57.0,57.0,57.0,57.0,57.0,57.0,Iraq
Zaid Tahseen,Iraq,CB,57,57.0,57.0,57.0,57.0,57.0,57.0,Iraq
Akam Hashim,Iraq,CB,57,57.0,57.0,57.0,57.0,57.0,57.0,Iraq
Manaf Younis,Iraq,CB,57,57.0,57.0,57.0,57.0,57.0,57.0,Iraq
Youssef Amyn,Iraq,CM,57,57.0,57.0,57.0,57.0,57.0,57.0,Iraq
Aymen Hussein,Iraq,ST,57,57.0,57.0,57.0,57.0,57.0,57.0,Iraq
Mohanad Ali Kadhim,Iraq,ST,57,57.0,57.0,57.0,57.0,57.0,57.0,Iraq
Christian Pulisic,USA,RW,84,88.0,82.0,80.0,86.0,46.0,65.0,United States
Malik Tillman,USA,CAM,82,84.0,76.0,77.0,83.0,65.0,77.0,United States
Antonee Robinson,USA,LB,82,88.0,46.0,75.0,77.0,78.0,80.0,United States
Johnny Cardoso,USA,CDM,81,72.0,67.0,76.0,78.0,80.0,77.0,United States
Weston McKennie,USA,CM,78,77.0,71.0,77.0,77.0,80.0,80.0,United States
Timothy Weah,USA,RM,77,87.0,75.0,72.0,78.0,68.0,65.0,United States
Folarin Balogun,USA,ST,77,84.0,77.0,62.0,77.0,23.0,68.0,United States
Chris Richards,USA,CB,77,66.0,27.0,58.0,62.0,78.0,77.0,United States
Ricardo Pepi,USA,ST,76,73.0,78.0,60.0,72.0,46.0,73.0,United States
Tanner Tessmann,USA,CDM,75,57.0,63.0,71.0,71.0,71.0,78.0,United States
Giovanni Reyna,USA,RM,75,67.0,72.0,72.0,80.0,38.0,68.0,United States
Cristian Roldan,USA,CDM,74,77.0,64.0,69.0,73.0,71.0,79.0,United States
Brenden Aaronson,USA,CAM,74,80.0,66.0,70.0,78.0,57.0,61.0,United States
Joe Scally,USA,RB,74,83.0,49.0,60.0,69.0,71.0,76.0,United States
Matt Turner,USA,GK,74,74.0,72.0,67.0,74.0,40.0,73.0,United States
Auston Trusty,USA,CB,74,78.0,47.0,56.0,60.0,72.0,83.0,United States
Mark McKenzie,USA,CB,74,80.0,36.0,50.0,64.0,73.0,78.0,United States
Aidan Morris,USA,CDM,73,73.0,53.0,61.0,70.0,70.0,81.0,United States
Miles Robinson,USA,CB,73,82.0,35.0,55.0,67.0,72.0,79.0,United States
Roman Celentano,USA,GK,72,72.0,70.0,71.0,73.0,21.0,74.0,United States
Tim Ream,USA,CB,72,39.0,44.0,69.0,60.0,74.0,73.0,United States
Patrick Schulte,USA,GK,71,69.0,67.0,77.0,72.0,28.0,71.0,United States
Matt Freese,USA,GK,69,70.0,68.0,68.0,71.0,29.0,69.0,United States
Sebastian Berhalter,USA,CM,67,71.0,54.0,66.0,67.0,65.0,71.0,United States
Patrick Agyemang,USA,ST,67,60.0,69.0,46.0,62.0,26.0,69.0,United States
Alex Freeman,USA,RB,65,82.0,57.0,62.0,67.0,58.0,73.0,United States
Julian Quiñones,Mexico,ST,80,88.0,79.0,70.0,79.0,36.0,83.0,Mexico
Santiago Giménez,Mexico,ST,79,78.0,80.0,70.0,77.0,46.0,69.0,Mexico
Edson Álvarez,Mexico,CDM,78,65.0,58.0,69.0,72.0,78.0,79.0,Mexico
Hirving Lozano,Mexico,LW,78,88.0,75.0,71.0,80.0,41.0,58.0,Mexico
Orbelín Pineda,Mexico,CAM,77,81.0,74.0,72.0,81.0,68.0,69.0,Mexico
Raúl Jiménez,Mexico,ST,77,57.0,79.0,74.0,75.0,46.0,79.0,Mexico
Johan Vásquez,Mexico,CB,75,61.0,33.0,58.0,60.0,76.0,75.0,Mexico
Julian Araujo,Mexico,RB,74,83.0,35.0,64.0,70.0,71.0,73.0,Mexico
César Huerta,Mexico,LW,73,84.0,68.0,68.0,75.0,48.0,70.0,Mexico
Rodrigo Huescas,Mexico,RB,72,83.0,63.0,67.0,70.0,65.0,62.0,Mexico
Mateo Chávez,Mexico,LB,72,82.0,45.0,64.0,71.0,65.0,68.0,Mexico
Obed Vargas,Mexico,CM,69,74.0,52.0,64.0,73.0,63.0,57.0,Mexico
Álex Padilla,Mexico,GK,68,70.0,67.0,63.0,71.0,34.0,67.0,Mexico
Luca Martínez Dupuy,Mexico,ST,67,74.0,66.0,51.0,67.0,25.0,66.0,Mexico
Daniel Aguilar,Mexico,CM,66,75.0,53.0,67.0,66.0,59.0,61.0,Mexico
Heriberto Jurado,Mexico,LM,65,74.0,57.0,60.0,66.0,29.0,58.0,Mexico
Daniel Ríos,Mexico,ST,65,48.0,70.0,45.0,59.0,26.0,68.0,Mexico
Pablo Sisniega,Mexico,GK,64,63.0,65.0,64.0,64.0,44.0,65.0,Mexico
Jonathan Germán Gómez,Mexico,LB,64,74.0,34.0,49.0,61.0,59.0,54.0,Mexico
Santiago Muñoz,Mexico,ST,63,71.0,62.0,58.0,67.0,25.0,59.0,Mexico
David Ochoa,Mexico,GK,62,60.0,62.0,60.0,62.0,27.0,60.0,Mexico
Abraham Romero,Mexico,GK,61,64.0,61.0,60.0,62.0,51.0,63.0,Mexico
César Garza,Mexico,CDM,61,62.0,53.0,55.0,60.0,60.0,60.0,Mexico
Alán Montes,Mexico,CB,60,54.0,33.0,48.0,51.0,60.0,65.0,Mexico
Érik Dueñas,Mexico,CM,59,70.0,35.0,55.0,69.0,55.0,38.0,Mexico
Anthony Ramírez,Mexico,RW,56,66.0,56.0,53.0,57.0,29.0,52.0,Mexico
Jonathan David,Canada,ST,82,81.0,82.0,71.0,80.0,34.0,78.0,Canada
Alistair Johnston,Canada,RB,78,82.0,59.0,73.0,72.0,73.0,80.0,Canada
Cyle Larin,Canada,ST,77,70.0,77.0,68.0,71.0,28.0,78.0,Canada
Moïse Bombito,Canada,CB,76,93.0,49.0,58.0,65.0,75.0,76.0,Canada
Tajon Buchanan,Canada,RM,74,90.0,65.0,66.0,74.0,67.0,73.0,Canada
Derek Cornelius,Canada,CB,74,67.0,45.0,55.0,57.0,71.0,85.0,Canada
Dayne St. Clair,Canada,GK,73,73.0,69.0,60.0,76.0,27.0,72.0,Canada
Richie Laryea,Canada,RM,72,81.0,61.0,65.0,74.0,64.0,71.0,Canada
Ismaël Koné,Canada,CM,72,78.0,63.0,68.0,71.0,64.0,69.0,Canada
Liam Millar,Canada,LM,72,85.0,66.0,66.0,75.0,52.0,59.0,Canada
Kamal Miller,Canada,CB,71,75.0,48.0,59.0,63.0,68.0,81.0,Canada
Jonathan Osorio,Canada,CM,71,50.0,67.0,70.0,72.0,61.0,65.0,Canada
Niko Sigur,Canada,RB,70,71.0,61.0,68.0,73.0,62.0,68.0,Canada
Tani Oluwaseyi,Canada,ST,70,85.0,71.0,54.0,66.0,31.0,67.0,Canada
Junior Hoilett,Canada,LM,69,72.0,66.0,67.0,72.0,57.0,65.0,Canada
Maxime Crépeau,Canada,GK,69,71.0,69.0,64.0,72.0,45.0,66.0,Canada
Ali Ahmed,Canada,CM,68,78.0,58.0,65.0,72.0,61.0,65.0,Canada
Nathan-Dylan Saliba,Canada,CM,68,67.0,61.0,67.0,74.0,58.0,64.0,Canada
Joel Waterman,Canada,CB,68,43.0,42.0,58.0,50.0,68.0,74.0,Canada
Mathieu Choinière,Canada,CM,67,60.0,58.0,66.0,66.0,62.0,59.0,Canada
Jonathan Sirois,Canada,GK,67,68.0,65.0,55.0,68.0,34.0,67.0,Canada
Daniel Jebbison,Canada,ST,65,74.0,63.0,49.0,63.0,30.0,70.0,Canada
Jacen Russell-Rowe,Canada,ST,64,73.0,63.0,47.0,61.0,22.0,66.0,Canada
Jahkeele Marshall-Rutty,Canada,RM,63,81.0,51.0,55.0,69.0,52.0,42.0,Canada
Ralph Priso,Canada,CDM,60,63.0,39.0,52.0,57.0,59.0,65.0,Canada
Luc De Fougerolles,Canada,CB,58,64.0,32.0,44.0,48.0,60.0,58.0,Canada
Amir Murillo,Panama,RB,76,84.0,57.0,70.0,71.0,70.0,76.0,Panama
Luis Mejía,Panama,GK,72,69.0,67.0,68.0,75.0,52.0,71.0,Panama
Orlando Mosquera,Panama,GK,70,73.0,68.0,69.0,71.0,32.0,65.0,Panama
Eduardo Guerrero,Panama,ST,70,77.0,69.0,66.0,75.0,21.0,66.0,Panama
Aníbal Godoy,Panama,CM,70,43.0,56.0,65.0,67.0,64.0,75.0,Panama
Andrés Andrade,Panama,CB,69,74.0,51.0,60.0,64.0,68.0,79.0,Panama
José Fajardo,Panama,ST,68,69.0,68.0,58.0,68.0,33.0,68.0,Panama
José Córdoba,Panama,CB,68,72.0,31.0,53.0,61.0,65.0,73.0,Panama
Carlos Harvey,Panama,CB,65,53.0,42.0,54.0,58.0,64.0,73.0,Panama
Leslie Heráldez,Panama,CDM,64,70.0,47.0,66.0,57.0,61.0,50.0,Panama
Omar Valencia,Panama,LB,59,59.0,45.0,58.0,56.0,58.0,55.0,Panama
César Blackman,Panama,CB,57,57.0,57.0,57.0,57.0,57.0,57.0,Panama
Fidel Escobar,Panama,CB,57,57.0,57.0,57.0,57.0,57.0,57.0,Panama
Edgar Fariña,Panama,CB,57,57.0,57.0,57.0,57.0,57.0,57.0,Panama
Michael Murillo,Panama,RB,57,57.0,57.0,57.0,57.0,57.0,57.0,Panama
Eric Davis,Panama,CB,57,57.0,57.0,57.0,57.0,57.0,57.0,Panama
Giovanni Walsh,Panama,CM,57,57.0,57.0,57.0,57.0,57.0,57.0,Panama
Cristian Martínez,Panama,CM,57,57.0,57.0,57.0,57.0,57.0,57.0,Panama
Adalberto Carrasquilla,Panama,CM,57,57.0,57.0,57.0,57.0,57.0,57.0,Panama
José Luis Rodríguez,Panama,CM,57,57.0,57.0,57.0,57.0,57.0,57.0,Panama
Ismael Díaz,Panama,ST,57,57.0,57.0,57.0,57.0,57.0,57.0,Panama
Joel Barcenas,Panama,LM,57,57.0,57.0,57.0,57.0,57.0,57.0,Panama
Cecilio Waterman,Panama,ST,57,57.0,57.0,57.0,57.0,57.0,57.0,Panama
César Samudio,Panama,GK,57,57.0,57.0,57.0,57.0,57.0,57.0,Panama
Richard Peralta,Panama,CB,57,57.0,57.0,57.0,57.0,57.0,57.0,Panama
Kevin Galvan,Panama,CB,57,57.0,57.0,57.0,57.0,57.0,57.0,Panama
Tahith Chong,Curaçao,CAM,71,77.0,66.0,70.0,73.0,54.0,63.0,Curacao
Juninho Bacuna,Curaçao,CDM,69,73.0,68.0,69.0,72.0,63.0,76.0,Curacao
Daijiro Chirino,Curaçao,CB,69,78.0,39.0,61.0,64.0,69.0,73.0,Curacao
Shurandy Sambo,Curaçao,RB,68,78.0,45.0,59.0,67.0,63.0,72.0,Curacao
Brandley Kuwas,Curaçao,LM,67,71.0,69.0,65.0,70.0,33.0,62.0,Curacao
Sherel Floranus,Curaçao,RB,66,82.0,42.0,55.0,67.0,62.0,73.0,Curacao
Ar'jany Martha,Curaçao,LB,64,82.0,49.0,60.0,67.0,56.0,54.0,Curacao
Tyrique Mercera,Curaçao,RB,64,72.0,44.0,55.0,61.0,59.0,62.0,Curacao
Livano Comenencia,Curaçao,RB,62,74.0,43.0,55.0,61.0,57.0,61.0,Curacao
Rayvien Rosario,Curaçao,LM,60,74.0,53.0,54.0,63.0,31.0,54.0,Curacao
Isaiah Ahmed,Curaçao,CDM,58,61.0,44.0,52.0,58.0,56.0,61.0,Curacao
Giandro Sambo,Curaçao,LW,57,66.0,48.0,51.0,65.0,33.0,42.0,Curacao
Eloy Room,Curaçao,GK,57,57.0,57.0,57.0,57.0,57.0,57.0,Curacao
T. Bodak,Curaçao,GK,57,57.0,57.0,57.0,57.0,57.0,57.0,Curacao
Trevor Doornbusch,Curaçao,GK,57,57.0,57.0,57.0,57.0,57.0,57.0,Curacao
Rochon van Eijma,Curaçao,CB,57,57.0,57.0,57.0,57.0,57.0,57.0,Curacao
Armando Obispo,Curaçao,CB,57,57.0,57.0,57.0,57.0,57.0,57.0,Curacao
Joshua Brenet,Curaçao,RB,57,57.0,57.0,57.0,57.0,57.0,57.0,Curacao
Richairo Zivkovic,Curaçao,RB,57,57.0,57.0,57.0,57.0,57.0,57.0,Curacao
D. Fonville,Curaçao,CB,57,57.0,57.0,57.0,57.0,57.0,57.0,Curacao
T. Noslin,Curaçao,CB,57,57.0,57.0,57.0,57.0,57.0,57.0,Curacao
Godfrid Roemeratoe,Curaçao,CM,57,57.0,57.0,57.0,57.0,57.0,57.0,Curacao
Leandro Bacuna,Curaçao,CM,57,57.0,57.0,57.0,57.0,57.0,57.0,Curacao
J. Antonisse,Curaçao,CM,57,57.0,57.0,57.0,57.0,57.0,57.0,Curacao
J. Gaari,Curaçao,CM,57,57.0,57.0,57.0,57.0,57.0,57.0,Curacao
Kevin Felida,Curaçao,CM,57,57.0,57.0,57.0,57.0,57.0,57.0,Curacao
Frantzdy Pierrot,Haiti,ST,72,65.0,72.0,56.0,62.0,32.0,82.0,Haiti
Carlens Arcus,Haiti,RB,71,75.0,44.0,66.0,66.0,66.0,75.0,Haiti
Jean-Kévin Duverne,Haiti,LB,71,60.0,38.0,62.0,67.0,72.0,73.0,Haiti
Danley Jean Jacques,Haiti,CM,70,69.0,56.0,66.0,70.0,67.0,74.0,Haiti
Johny Placide,Haiti,GK,69,65.0,70.0,69.0,67.0,54.0,72.0,Haiti
Fafà Picault,Haiti,LW,69,87.0,66.0,62.0,71.0,38.0,49.0,Haiti
Derrick Etienne Jr.,Haiti,LM,66,81.0,61.0,60.0,69.0,40.0,62.0,Haiti
Don Deedson Louicius,Haiti,RW,65,84.0,62.0,54.0,66.0,22.0,57.0,Haiti
Martin Expérience,Haiti,LB,62,68.0,36.0,53.0,59.0,58.0,64.0,Haiti
Aleksandr Guboglo,Haiti,RM,59,80.0,37.0,53.0,61.0,50.0,59.0,Haiti
Joseph Belmar,Haiti,CM,56,64.0,49.0,51.0,56.0,50.0,48.0,Haiti
Wilguens Paugain,Haiti,RB,55,62.0,34.0,42.0,50.0,54.0,63.0,Haiti
Alexandre Pierre,Haiti,GK,57,57.0,57.0,57.0,57.0,57.0,57.0,Haiti
Josue Duverger,Haiti,GK,57,57.0,57.0,57.0,57.0,57.0,57.0,Haiti
Ricardo Ade,Haiti,CB,57,57.0,57.0,57.0,57.0,57.0,57.0,Haiti
Duke Lacroix,Haiti,CB,57,57.0,57.0,57.0,57.0,57.0,57.0,Haiti
Hannes Delcroix,Haiti,CB,57,57.0,57.0,57.0,57.0,57.0,57.0,Haiti
Stephan Lambese,Haiti,LB,57,57.0,57.0,57.0,57.0,57.0,57.0,Haiti
Leverton Pierre,Haiti,CM,57,57.0,57.0,57.0,57.0,57.0,57.0,Haiti
Ruben Providence,Haiti,CM,57,57.0,57.0,57.0,57.0,57.0,57.0,Haiti
Christopher Attys,Haiti,CM,57,57.0,57.0,57.0,57.0,57.0,57.0,Haiti
Jean Pellegarde,Haiti,CM,57,57.0,57.0,57.0,57.0,57.0,57.0,Haiti
Carl-Fred Sainte,Haiti,CM,57,57.0,57.0,57.0,57.0,57.0,57.0,Haiti
Dackens Nason,Haiti,ST,57,57.0,57.0,57.0,57.0,57.0,57.0,Haiti
Jose Casimir,Haiti,ST,57,57.0,57.0,57.0,57.0,57.0,57.0,Haiti
Mikael Cantave,Haiti,LM,57,57.0,57.0,57.0,57.0,57.0,57.0,Haiti
Chris Wood,New Zealand,ST,82,53.0,83.0,68.0,72.0,40.0,81.0,New Zealand
Joe Bell,New Zealand,CDM,74,70.0,64.0,72.0,71.0,69.0,81.0,New Zealand
Liberato Cacace,New Zealand,LB,72,72.0,60.0,67.0,71.0,69.0,74.0,New Zealand
Marko Stamenić,New Zealand,CDM,71,67.0,60.0,68.0,71.0,66.0,75.0,New Zealand
Alex Paulsen,New Zealand,GK,71,72.0,66.0,73.0,74.0,55.0,64.0,New Zealand
Francis de Vries,New Zealand,LB,69,64.0,53.0,67.0,62.0,63.0,83.0,New Zealand
Tyler Bindon,New Zealand,CB,69,58.0,46.0,59.0,64.0,68.0,73.0,New Zealand
Ben Old,New Zealand,LW,68,82.0,58.0,63.0,71.0,52.0,69.0,New Zealand
Kosta Barbarouses,New Zealand,ST,68,78.0,69.0,58.0,69.0,40.0,77.0,New Zealand
Finn Surman,New Zealand,CB,68,65.0,33.0,49.0,55.0,66.0,78.0,New Zealand
Alex Rufer,New Zealand,CDM,67,64.0,59.0,65.0,67.0,63.0,78.0,New Zealand
Callum McCowatt,New Zealand,CAM,67,76.0,67.0,65.0,67.0,52.0,67.0,New Zealand
Nando Pijnaker,New Zealand,CB,67,60.0,48.0,54.0,53.0,65.0,79.0,New Zealand
Ryan Thomas,New Zealand,CM,66,57.0,58.0,68.0,69.0,57.0,66.0,New Zealand
Elijah Just,New Zealand,LW,66,81.0,66.0,58.0,68.0,38.0,53.0,New Zealand
Matthew Garbett,New Zealand,CAM,65,68.0,61.0,62.0,65.0,52.0,65.0,New Zealand
Max Crocombe,New Zealand,GK,65,64.0,65.0,62.0,65.0,47.0,64.0,New Zealand
Bill Tuiloma,New Zealand,CB,65,60.0,52.0,63.0,56.0,63.0,73.0,New Zealand
James McGarry,New Zealand,LB,64,82.0,59.0,58.0,67.0,55.0,75.0,New Zealand
Tim Payne,New Zealand,RB,64,68.0,56.0,58.0,57.0,60.0,80.0,New Zealand
Logan Rogerson,New Zealand,RM,64,79.0,63.0,56.0,63.0,46.0,72.0,New Zealand
Oliver Sail,New Zealand,GK,63,64.0,62.0,50.0,63.0,49.0,61.0,New Zealand
Callan Elliot,New Zealand,RB,62,76.0,48.0,56.0,63.0,55.0,67.0,New Zealand
Ben Waine,New Zealand,ST,62,77.0,61.0,54.0,60.0,44.0,68.0,New Zealand
Lachlan Bayliss,New Zealand,CAM,62,74.0,56.0,56.0,64.0,50.0,56.0,New Zealand
Jesse Randall,New Zealand,LM,60,78.0,58.0,53.0,61.0,31.0,59.0,New Zealand
Jackson Irvine,Australia,CM,75,67.0,68.0,71.0,70.0,72.0,80.0,Australia
Craig Goodwin,Australia,LM,73,81.0,74.0,72.0,70.0,59.0,73.0,Australia
Cameron Burgess,Australia,CB,73,48.0,37.0,57.0,54.0,73.0,78.0,Australia
Harry Souttar,Australia,CB,73,46.0,28.0,51.0,54.0,73.0,75.0,Australia
Riley McGree,Australia,LM,72,78.0,67.0,69.0,73.0,63.0,73.0,Australia
Massimo Luongo,Australia,CDM,72,52.0,65.0,67.0,69.0,70.0,71.0,Australia
Martin Boyle,Australia,ST,71,89.0,72.0,66.0,74.0,42.0,59.0,Australia
Cameron Devlin,Australia,CDM,71,68.0,53.0,63.0,69.0,69.0,72.0,Australia
Alessandro Circati,Australia,CB,71,59.0,35.0,53.0,49.0,72.0,77.0,Australia
Kye Rowles,Australia,CB,71,64.0,24.0,46.0,47.0,72.0,76.0,Australia
Mathew Leckie,Australia,CM,70,79.0,68.0,67.0,74.0,63.0,76.0,Australia
Aiden O'Neill,Australia,CDM,70,76.0,61.0,65.0,68.0,66.0,77.0,Australia
Paul Izzo,Australia,GK,70,71.0,69.0,66.0,72.0,55.0,69.0,Australia
Jordan Bos,Australia,LB,69,87.0,58.0,60.0,68.0,61.0,79.0,Australia
Connor Metcalfe,Australia,CM,69,72.0,60.0,66.0,70.0,62.0,75.0,Australia
Kai Trewin,Australia,CB,69,66.0,43.0,58.0,59.0,69.0,79.0,Australia
Alex Robertson,Australia,CAM,68,70.0,61.0,69.0,72.0,60.0,62.0,Australia
Fran Karačić,Australia,RB,68,80.0,46.0,61.0,65.0,61.0,73.0,Australia
Nestory Irankunda,Australia,RM,67,88.0,70.0,62.0,70.0,43.0,74.0,Australia
Aziz Behich,Australia,LB,67,74.0,60.0,65.0,69.0,61.0,71.0,Australia
Ajdin Hrustić,Australia,CM,67,50.0,67.0,69.0,70.0,56.0,66.0,Australia
Awer Mabil,Australia,RM,67,85.0,62.0,60.0,68.0,34.0,61.0,Australia
Patrick Yazbek,Australia,CDM,66,68.0,54.0,62.0,62.0,62.0,73.0,Australia
Nishan Velupillay,Australia,LM,65,94.0,56.0,55.0,70.0,35.0,57.0,Australia
Patrick Beach,Australia,GK,65,68.0,62.0,64.0,71.0,31.0,62.0,Australia
Jacob Italiano,Australia,LB,63,76.0,56.0,59.0,69.0,58.0,56.0,Australia
